model,horizon,split,n,mse_var,qlike,rmse_vol,mean_forecast_vol,mean_realized_vol,mz_a,mz_b,mz_r2
garch,5,validation,247,0.000283664,0.392637,0.0550804,0.125621,0.108067,0.00561174,0.540938,0.16663
har,5,validation,247,0.0002751,0.433335,0.0570485,0.12867,0.108067,0.00420306,0.612582,0.134343
iv_atm,5,validation,247,0.000203323,0.341703,0.049049,0.128666,0.108067,-0.00372237,1.06545,0.327055
lstm,5,validation,247,0.000211988,0.330133,0.0476954,0.121801,0.108067,-0.00180701,1.0652,0.276545
garch,5,test,987,0.0146753,0.434516,0.0979042,0.182714,0.181989,0.00950956,0.979534,0.391478
har,5,test,987,0.0163956,0.455625,0.105479,0.182332,0.181989,0.00138521,1.24612,0.335409
iv_atm,5,test,987,0.0145223,0.336493,0.0950053,0.193261,0.181989,-0.0276015,1.80568,0.496783
lstm,5,test,987,0.0225586,0.62488,0.125563,0.16958,0.181989,-0.0258958,2.54384,0.128214
garch,10,validation,247,0.000210693,0.322592,0.0498592,0.127505,0.110404,0.00644603,0.471723,0.137572
har,10,validation,247,0.000202623,0.34802,0.0512284,0.129366,0.110404,0.00574354,0.5107,0.0910469
iv_atm,10,validation,247,0.000162291,0.294832,0.0463437,0.129373,0.110404,0.000678386,0.793737,0.233277
lstm,10,validation,247,0.000148556,0.268454,0.0433514,0.122848,0.110404,-0.00128534,1.01387,0.248857
garch,10,test,982,0.0130633,0.400725,0.0986708,0.181782,0.187547,0.0136967,0.942073,0.334426
har,10,test,982,0.014642,0.443927,0.107782,0.18215,0.187547,0.00760971,1.15056,0.259473
iv_atm,10,test,982,0.0131112,0.321802,0.0967955,0.193959,0.187547,-0.0152885,1.55055,0.376239
lstm,10,test,982,0.0185399,0.601573,0.122875,0.169075,0.187547,-0.0190205,2.38004,0.109812
garch,21,validation,247,0.000165974,0.270427,0.0466766,0.129969,0.112688,0.00998553,0.249951,0.0328469
har,21,validation,247,0.000166434,0.285697,0.0477197,0.130991,0.112688,0.0120662,0.130623,0.00604092
iv_atm,21,validation,247,0.000161976,0.285486,0.0474565,0.131688,0.112688,0.00923594,0.284615,0.0381727
lstm,21,validation,247,0.000121262,0.230781,0.0409733,0.124414,0.112688,0.00497431,0.594905,0.0636454
garch,21,test,971,0.0122665,0.657295,0.110925,0.179872,0.193447,0.0233833,0.800543,0.180547
har,21,test,971,0.0129671,0.722886,0.117115,0.178781,0.193447,0.0171061,1.04843,0.129039
iv_atm,21,test,971,0.01203,0.620573,0.110249,0.195678,0.193447,0.00969631,1.01218,0.176228
lstm,21,test,971,0.014762,0.932073,0.127385,0.169814,0.193447,0.0183785,1.20437,0.022551
garch,42,validation,247,0.000104247,0.176631,0.0384233,0.13193,0.118375,0.0153155,-0.014588,7.29919e-05
har,42,validation,247,9.97775e-05,0.17829,0.0379534,0.130084,0.118375,0.0172023,-0.125046,0.00406715
iv_atm,42,validation,247,0.000144233,0.220016,0.0447196,0.137428,0.118375,0.0167769,-0.0886055,0.00494338
lstm,42,validation,247,8.72697e-05,0.175105,0.0357359,0.124872,0.118375,0.0165576,-0.0950582,0.00155658
garch,42,test,950,0.00946121,0.943264,0.120584,0.176312,0.200365,0.0345426,0.603208,0.0637202
har,42,test,950,0.0096094,1.06204,0.12416,0.175683,0.200365,0.0331327,0.680955,0.0373648
iv_atm,42,test,950,0.00943161,0.960405,0.121231,0.200821,0.200365,0.032352,0.513757,0.0481982
lstm,42,test,950,0.0102514,1.18046,0.129094,0.168984,0.200365,0.0675318,-0.409088,0.0018423
garch,63,validation,247,0.00419796,0.964067,0.104093,0.132665,0.1476,0.0835013,-2.91288,0.0258226
har,63,validation,247,0.00420967,1.00004,0.104264,0.129609,0.1476,0.110519,-4.65959,0.0367246
iv_atm,63,validation,247,0.00423322,0.982767,0.106752,0.142384,0.1476,0.0754174,-2.1087,0.0414824
lstm,63,validation,247,0.00429609,1.24813,0.106805,0.124846,0.1476,0.179512,-9.41964,0.133799
garch,63,test,929,0.00633286,0.868487,0.112091,0.173797,0.198786,0.0341843,0.548335,0.0408439
har,63,test,929,0.00649439,1.03016,0.116725,0.171169,0.198786,0.0367757,0.499385,0.0136132
iv_atm,63,test,929,0.00645841,0.859745,0.113919,0.20505,0.198786,0.0360827,0.346161,0.0252087
lstm,63,test,929,0.00686507,1.06675,0.120078,0.166097,0.198786,0.118006,-2.3633,0.0406335
garch,126,validation,247,0.00911431,2.33802,0.168711,0.133302,0.225239,0.223827,-8.61824,0.0357493
har,126,validation,247,0.00923492,2.55193,0.171161,0.129313,0.225239,0.25201,-10.8379,0.0532883
iv_atm,126,validation,247,0.00864854,1.75498,0.160668,0.149298,0.225239,0.0889028,-0.822812,0.0026016
lstm,126,validation,247,0.00935616,2.8195,0.173683,0.124829,0.225239,0.28436,-13.7036,0.0651285
garch,126,test,866,0.00225984,0.547776,0.0870865,0.169813,0.192653,0.0343564,0.317491,0.0112062
har,126,test,866,0.00232626,0.599986,0.0892525,0.1702,0.192653,0.0502956,-0.219955,0.00237328
iv_atm,126,test,866,0.00257388,0.521159,0.0936227,0.214576,0.192653,0.0381508,0.11614,0.00503565
lstm,126,test,866,0.00243064,0.654425,0.0917973,0.163336,0.192653,0.134924,-3.39067,0.120716
