engine,treatment,rmse,ci_low,ci_high
bs,iv_surface,7.27946,5.96912,9.01931
bs,iv_atm_same_day,22.556,21.6447,23.5463
bs,iv_atm,23.4153,22.3954,24.5817
bs,garch,33.5016,31.591,35.4879
bs,har,34.4716,32.3654,36.6084
bs,lstm,36.2705,33.3004,39.8331
bs,hv21,42.6879,35.5347,51.755
pinn_p,iv_surface,7.29278,5.9902,9.02568
pinn_p,iv_atm_same_day,22.5067,21.5952,23.4981
pinn_p,iv_atm,23.3672,22.3508,24.53
pinn_p,garch,33.4406,31.5291,35.4223
pinn_p,har,34.4202,32.3232,36.5493
pinn_p,lstm,36.2139,33.2497,39.7646
pinn_p,hv21,42.5964,35.4394,51.6644
pinn_h,iv_surface,7.33226,6.03466,9.06204
pinn_h,iv_atm,22.9745,21.9553,24.1451
pinn_h,garch,32.3501,30.4702,34.294
pinn_h,lstm,35.0677,32.121,38.6467
ffnn,iv_surface,20.2211,17.0896,23.544
ffnn,iv_atm,21.5715,16.4706,28.0017
ffnn,garch,29.3354,24.142,35.8788
ffnn,lstm,32.0334,28.4019,36.4777
