bucket,treatment,rmse,ci_low,ci_high,n
0.80–0.90,garch,37.3049,35.133,39.5637,577437
0.80–0.90,lstm,38.693,36.1429,41.5642,577437
0.80–0.90,iv_atm,28.138,26.9511,29.4838,577437
0.80–0.90,iv_surface,5.33711,4.48771,6.4068,577437
0.90–0.97,garch,41.8642,38.9276,44.9771,496582
0.90–0.97,lstm,44.4126,40.6588,48.6906,496582
0.90–0.97,iv_atm,24.4732,23.3567,25.698,496582
0.90–0.97,iv_surface,7.24876,6.08097,8.6836,496582
0.97–1.03,garch,30.7562,28.1006,33.4271,425632
0.97–1.03,lstm,35.0534,30.8892,39.7312,425632
0.97–1.03,iv_atm,11.8849,10.8729,13.1479,425632
0.97–1.03,iv_surface,8.79937,7.54927,10.3699,425632
1.03–1.10,garch,19.2945,17.7834,20.7756,343175
1.03–1.10,lstm,24.5852,20.5979,29.6728,343175
1.03–1.10,iv_atm,22.4834,21.289,23.7724,343175
1.03–1.10,iv_surface,8.09826,6.50455,10.2718,343175
1.10–1.20,garch,12.8386,9.8933,16.5568,150507
1.10–1.20,lstm,16.248,11.1395,22.2462,150507
1.10–1.20,iv_atm,25.8033,23.6979,28.17,150507
1.10–1.20,iv_surface,7.29603,3.86079,11.2334,150507
