date,rmse21_garch,rmse21_lstm,rmse21_iv_atm,rmse21_iv_surface,rmse_daily_garch,rmse_daily_lstm,rmse_daily_iv_atm,rmse_daily_iv_surface
2020-01-02,,,,,12.7768,13.4352,12.2757,4.35855
2020-01-03,,,,,13.8978,14.0799,14.2049,3.25215
2020-01-06,,,,,13.3653,13.5429,12.5364,2.10797
2020-01-07,,,,,13.3235,13.1748,12.5406,1.77232
2020-01-08,,,,,12.701,12.7399,12.1142,2.35799
2020-01-09,,,,,11.676,11.8624,11.4449,3.69183
2020-01-10,,,,,11.6552,11.7271,11.7949,2.05553
2020-01-13,,,,,11.7491,11.8998,11.7868,2.64393
2020-01-14,,,,,11.4033,11.5095,11.6516,1.84901
2020-01-15,12.4457,12.6035,12.2136,2.75564,11.1417,11.2862,11.274,2.01345
2020-01-16,12.3205,12.4828,12.1135,2.73077,10.8164,11.038,10.9273,2.43405
2020-01-17,12.2026,12.3785,12.0372,2.68712,10.5943,10.9701,11.0232,2.05464
2020-01-21,12.157,12.347,12.0475,2.64404,11.5882,11.9583,12.1719,2.05026
2020-01-22,12.12,12.3273,12.0277,2.58939,11.6314,12.0685,11.7685,1.73346
2020-01-23,12.1166,12.3422,12.0303,2.55084,12.0672,12.5543,12.0677,1.91574
2020-01-24,12.2262,12.4516,12.1892,2.66589,13.8245,14.0482,14.444,4.05827
2020-01-27,12.4629,12.6646,12.4882,3.0564,15.7664,15.677,16.5438,6.70905
2020-01-28,12.5386,12.7588,12.5357,3.12797,13.7365,14.2341,13.3011,4.14078
2020-01-29,12.6181,12.8414,12.5689,3.06862,13.969,14.2436,13.1511,1.67665
2020-01-30,12.6501,12.8739,12.5707,3.04914,13.2225,13.4553,12.6042,2.66845
2020-01-31,12.7694,13.0001,12.7502,3.27489,15,15.3521,15.9812,6.31569
2020-02-03,12.8321,13.065,12.7919,3.18929,14.0459,14.7328,13.1355,2.79144
2020-02-04,12.752,12.9944,12.7024,3.34584,12.3165,12.6996,12.5016,5.72626
2020-02-05,12.6982,12.9231,12.6588,3.41935,12.2708,12.0234,11.4903,3.80624
2020-02-06,12.6338,12.8701,12.6183,3.45882,11.9833,11.9937,11.5598,2.78501
2020-02-07,12.5993,12.8635,12.6443,3.46192,11.9382,12.5638,12.5885,2.14542
2020-02-10,12.6107,12.8922,12.6647,3.41076,11.7811,12.3623,11.7223,2.4694
2020-02-11,12.6059,12.9203,12.6566,3.40797,11.4083,12.2507,11.4819,1.69172
2020-02-12,12.5685,12.8927,12.6137,3.45087,10.7949,11.1856,10.6877,3.67318
2020-02-13,12.5497,12.8988,12.5984,3.45067,10.9107,11.625,11.2575,1.78646
2020-02-14,12.5362,12.9039,12.5797,3.47777,10.7016,11.3195,10.7048,2.80554
2020-02-18,12.5721,12.9579,12.622,3.47778,11.5487,12.2477,11.838,2.22651
2020-02-19,12.5945,12.9921,12.6243,3.49816,11.036,11.7332,10.9248,2.64059
2020-02-20,12.6177,13.0209,12.624,3.51612,11.9401,12.4516,12.0477,2.29908
2020-02-21,12.7322,13.1068,12.7434,3.63884,14.099,13.909,14.3421,4.6598
2020-02-24,13.1148,13.7183,13.6514,5.09692,18.0587,21.3494,24.1036,15.3328
2020-02-25,13.42,14.5426,14.0462,5.4636,18.1627,24.5606,19.9129,9.24787
2020-02-26,13.6447,15.1932,14.0004,5.26927,18.816,24.4,15.6345,2.42306
2020-02-27,14.2532,17.4818,15.3632,7.55826,22.5978,40.2682,30.5995,23.9644
2020-02-28,16.7279,21.4021,16.302,8.33078,39.1826,53.646,26.453,14.9581
2020-03-02,17.2548,22.7131,17.5362,10.1142,22.8066,36.0162,31.081,25.3598
2020-03-03,17.8221,24.764,18.2889,10.5939,24.283,44.8396,27.2719,15.0061
2020-03-04,18.5935,25.7736,18.9574,11.232,26.7713,34.3721,25.2872,16.4493
2020-03-05,19.3959,28.3019,20.3906,12.3674,26.8091,51.3927,34.3283,22.7583
2020-03-06,20.9951,31.485,21.1935,12.5285,37.0402,61.1699,28.1257,10.532
2020-03-09,21.824,36.8143,23.1082,15.2671,29.1355,83.25,41.7034,37.7009
2020-03-10,22.6941,40.3134,24.2877,15.9653,30.3082,73.1275,35.468,21.1962
2020-03-11,23.5055,44.5099,25.0274,16.5623,29.9151,82.5814,29.9049,20.2718
2020-03-12,24.2601,51.8056,27.2456,20.0082,30.6205,123.051,51.2656,51.8147
2020-03-13,27.5303,55.7122,30.0299,22.7121,61.3317,96.5943,59.7349,50.073
2020-03-16,28.4993,64.0495,33.6066,27.9485,38.854,165.426,79.4696,85.3806
2020-03-17,30.1032,70.0141,34.978,28.6129,50.5992,145.419,50.2785,30.538
2020-03-18,31.1702,75.8976,35.5326,28.9741,43.9491,154.738,34.5637,23.6159
2020-03-19,32.0538,79.9223,36.5744,29.4902,40.2854,130.877,46.2376,28.3623
2020-03-20,32.7329,82.4371,37.1556,29.6453,36.7994,107.864,35.8663,13.325
2020-03-23,33.0811,84.0353,37.7802,30.0276,27.4401,84.3599,37.7048,23.9788
2020-03-24,33.7979,86.088,37.8704,30.0585,35.8694,85.2163,24.0559,12.337
2020-03-25,34.2505,89.0155,38.2204,30.3093,29.1029,102.818,27.8547,15.969
2020-03-26,34.6927,91.2815,38.8543,30.642,30.2368,91.6571,33.913,18.6614
2020-03-27,35.2297,93.489,38.8522,30.3358,35.4177,98.7079,30.0568,12.9601
2020-03-30,34.9353,94.8574,39.1472,30.4151,34.0138,86.002,32.8158,15.9421
2020-03-31,35.6057,96.2304,39.0743,29.9724,38.4006,79.7344,28.4736,7.85971
2020-04-01,36.3752,97.8281,39.2213,30.1478,40.6867,85.2301,28.8607,17.7792
2020-04-02,36.9364,99.0812,39.4817,30.1479,38.3387,71.7936,30.7604,14.0537
2020-04-03,37.5877,99.8153,39.157,29.8203,39.8279,65.0234,24.115,6.27892
2020-04-06,37.2829,100.049,39.2331,29.9888,29.8543,60.0661,27.9826,13.4861
2020-04-07,37.38,99.4233,38.4701,28.7225,30.0616,62.6418,24.2494,4.76674
2020-04-08,37.4491,99.1628,38.0554,28.4006,30.7697,60.3213,24.5272,5.58133
2020-04-09,37.6343,98.2835,37.8497,28.0816,32.7749,56.0544,22.8017,4.06192
2020-04-13,38.1412,95.3814,36.4647,25.5495,41.3237,59.6734,23.3822,1.91951
2020-04-14,36.2525,93.7809,34.3125,23.0109,32.9124,51.5225,24.789,11.1803
2020-04-15,36.4083,88.3305,30.7512,15.3861,41.7833,57.9095,25.2168,9.43038
2020-04-16,36.3098,84.0173,29.3915,14.0652,48.599,58.6581,24.0249,2.4498
2020-04-17,36.2173,78.7231,28.965,13.3051,41.4006,53.3575,24.548,7.32205
2020-04-20,37.2743,75.3954,28.0391,12.2811,57.9812,67.5953,28.8245,12.5317
2020-04-21,38.5257,73.7787,27.6587,12.1893,58.4909,71.8484,26.88,11.1
2020-04-22,39.6431,73.0197,27.2828,11.4701,53.411,65.6476,28.9994,10.7984
2020-04-23,41.2,72.2976,27.359,11.1657,62.9993,70.7264,25.8758,2.29253
2020-04-24,42.467,69.952,27.2871,10.8914,54.9597,60.3368,26.3725,11.3227
2020-04-27,43.3116,67.9327,26.7567,10.298,48.695,53.0108,24.0541,10.113
2020-04-28,44.0927,65.262,26.3831,9.90012,51.1307,52.0098,22.5396,2.75324
2020-04-29,44.394,63.1353,25.8133,9.42433,40.323,46.3239,22.5523,9.05237
2020-04-30,44.8701,61.6894,25.6044,9.36565,48.5444,51.3612,24.2827,5.91553
2020-05-01,45.2642,60.011,25.4438,8.82477,48.8412,55.0857,25.7366,10.5354
2020-05-04,45.9032,59.0933,25.0573,8.30373,51.7508,54.5271,23.6765,4.25313
2020-05-05,46.3534,58.4059,24.9941,8.29258,49.3456,50.443,22.5094,5.64215
2020-05-06,47.3172,58.0366,24.706,7.76658,52.5698,51.5756,21.9153,2.46091
2020-05-07,48.0849,57.3199,24.5671,7.77515,48.1654,47.3284,21.0345,4.70499
2020-05-08,48.5015,56.5236,24.4431,8.0023,40.1614,41.3845,21.6441,10.2421
2020-05-11,48.9819,56.0237,24.4124,8.08951,41.097,40.6675,21.0787,5.52813
2020-05-12,49.2092,55.5439,24.4864,8.34097,46.1349,46.8968,25.1574,10.0236
2020-05-13,49.9109,55.5803,24.5185,8.2252,50.8512,51.5614,25.6738,9.37737
2020-05-14,50.1438,55.1538,24.4671,8.09717,46.8451,47.1502,24.0694,6.37275
2020-05-15,50.1528,54.72,24.4565,8.16234,48.4581,47.3473,23.6158,4.46973
2020-05-18,49.9296,54.3055,24.3733,8.25897,35.1383,43.5558,22.7469,9.31283
2020-05-19,49.0386,53.132,24.0616,7.84536,39.195,44.1382,22.7117,4.29851
2020-05-20,47.9276,51.4682,23.7529,7.59577,35.044,40.6524,20.5462,6.78017
2020-05-21,47.2997,50.2965,23.3863,7.27129,40.2085,43.0642,22.0415,4.13962
2020-05-22,45.994,48.5669,23.096,7.27937,40.1894,41.2128,20.2013,2.65653
2020-05-26,45.2489,47.6147,22.8349,6.84178,42.0283,44.1961,21.7807,3.73302
2020-05-27,44.7286,47.0336,22.688,6.53438,38.4035,41.9049,21.2248,4.83161
2020-05-28,44.2469,46.6172,22.6888,6.56578,42.7635,44.6002,22.5513,3.8359
2020-05-29,44.3174,46.4494,22.5896,6.29197,41.5669,42.8878,20.5087,3.94533
2020-06-01,44.019,46.057,22.4194,6.1688,42.8707,43.9099,21.0104,2.60405
2020-06-02,43.5992,45.362,22.125,5.76412,41.0967,42.8956,20.3473,4.52058
2020-06-03,42.9079,44.7098,21.9227,5.75312,38.0138,41.9407,19.4368,3.97615
2020-06-04,42.267,44.1542,21.75,5.63279,36.9563,39.7072,19.0684,2.52262
2020-06-05,41.0891,43.4183,21.6153,5.84178,26.8026,36.2638,18.9868,7.48844
2020-06-08,40.1995,43.0108,21.5462,5.80279,29.4808,39.1769,19.5189,3.53661
2020-06-09,39.8834,42.9647,21.4878,5.48735,33.8316,40.6735,20.5306,5.5794
2020-06-10,39.6403,42.9284,21.4182,5.37385,35.9004,40.4756,19.7525,2.5323
2020-06-11,38.9033,43.5799,22.6455,8.85232,29.9549,55.3898,39.089,30.8498
2020-06-12,38.0677,43.8951,22.7758,8.98137,32.3482,54.2689,26.9391,11.3288
2020-06-15,37.6531,44.4007,22.869,8.90354,37.1775,56.3723,25.7979,3.92345
2020-06-16,37.2543,44.8683,22.9414,8.86895,38.2804,56.3266,25.084,4.11535
2020-06-17,37.5918,45.4051,23.0496,8.66764,42.4782,54.6877,25.095,2.65463
2020-06-19,37.9951,45.9348,23.1325,8.67229,48.1598,56.0655,24.6837,3.42615
2020-06-22,39.7745,47.6427,23.4033,8.6598,58.6978,65.4138,25.5611,7.19588
2020-06-23,41.2813,49.0425,23.6081,8.5842,59.9071,64.6111,25.7007,3.62937
2020-06-24,42.7184,50.6657,24.1673,8.89823,59.9484,67.1222,29.6639,10.6514
2020-06-25,43.6787,51.6689,24.3129,9.04391,56.1197,61.6046,24.8449,8.53181
2020-06-26,44.8463,52.9344,24.6607,9.19627,57.1044,64.3619,27.6399,9.17981
2020-06-29,45.3701,53.5892,24.7432,9.37551,51.6258,57.8885,24.5019,9.32674
2020-06-30,45.7545,54.1224,24.855,9.51095,49.5631,55.9052,23.7028,8.81736
2020-07-01,45.8339,54.4347,24.901,9.48712,44.9374,52.3102,22.7449,3.86948
2020-07-02,46.031,54.6619,24.9532,9.41676,46.0459,50.6732,22.6276,3.637
2020-07-06,46.2197,54.8391,25.0249,9.3432,44.0899,49.3437,22.5174,2.80801
2020-07-07,46.6543,55.2573,25.234,9.35447,47.6903,52.1606,24.7452,5.10882
2020-07-08,47.3183,55.6541,25.3367,9.24194,47.9071,50.8645,22.9499,4.61903
2020-07-09,48.1016,56.0748,25.515,9.21107,51.7803,53.2615,24.9533,4.24109
2020-07-10,48.6549,56.3642,25.5735,9.17553,48.9845,50.2305,22.6707,5.00597
2020-07-13,49.778,57.2448,26.0687,9.49747,62.8402,63.7952,31.7194,12.3242
2020-07-14,50.7204,57.3187,25.2592,7.12842,55.0646,57.0122,24.716,9.46477
2020-07-15,51.4799,57.3337,25.1441,6.77817,53.2366,54.413,24.2903,3.83906
2020-07-16,52.0264,57.226,25.0899,6.75984,53.7685,53.5998,24.3862,3.32164
2020-07-17,52.3699,56.9445,24.9862,6.79592,50.059,48.797,22.3462,5.70112
2020-07-20,52.5986,56.6926,24.9468,6.95098,50.5473,50.3362,24.3134,7.7186
2020-07-21,52.7674,56.4813,24.9998,6.88971,53.25,52.0412,25.7971,3.0715
2020-07-22,52.3676,55.6511,24.9408,6.76378,51.3822,49.8574,24.4229,4.27258
2020-07-23,51.919,54.965,25.022,6.83459,51.7181,52.0268,27.0932,5.72355
2020-07-24,51.5342,54.1603,24.7911,6.42034,53.1272,53.0817,25.6374,2.93935
2020-07-27,51.2293,53.536,24.7709,6.19091,50.4483,50.0396,24.4602,4.16882
2020-07-28,50.9446,52.7833,24.6328,5.86837,52.1615,51.4835,25.2449,3.39951
2020-07-29,50.7851,52.3181,24.601,5.5831,48.5033,49.1218,23.8745,4.94663
2020-07-30,50.9133,52.1164,24.6801,5.32276,52.1531,51.7529,25.3243,4.25847
2020-07-31,51.2179,52.0458,24.7724,5.33988,51.4666,50.8846,24.6951,4.33692
2020-08-03,51.4413,51.9754,24.8322,5.30741,50.8358,49.2385,23.9301,2.57086
2020-08-04,51.6924,51.8921,24.8748,5.33296,49.8226,47.5279,23.4825,3.69317
2020-08-05,51.7344,51.6171,24.8115,5.27984,48.4841,46.0672,23.3644,3.75994
2020-08-06,51.7361,51.3804,24.8543,5.22685,47.9512,45.4684,23.9179,3.0774
2020-08-07,51.5882,51.0276,24.8077,5.1761,48.5043,45.4276,23.9377,2.53902
2020-08-10,51.5516,50.7862,24.8438,5.10031,48.0401,44.4721,23.4609,2.7938
2020-08-11,51.0225,50.0666,24.6058,4.62542,51.0736,48.0589,26.4651,5.96688
2020-08-12,50.6155,49.5395,24.5253,4.47723,45.0951,44.2467,22.8044,7.07448
2020-08-13,50.2553,49.0573,24.5067,4.42435,44.7987,43.0024,23.9312,2.39166
2020-08-14,49.9957,48.6996,24.5164,4.40134,47.265,44.6552,24.6283,2.76878
2020-08-17,49.8495,48.4768,24.57,4.32463,46.2804,42.9079,23.9298,3.85103
2020-08-18,49.6377,48.115,24.5495,4.03287,45.289,41.415,23.7281,3.11584
2020-08-19,49.3282,47.6949,24.5063,4.04766,46.7069,42.7572,25.0666,3.28801
2020-08-20,49.098,47.3599,24.4979,4.00353,46.2305,41.9629,24.1975,3.17118
2020-08-21,48.8245,46.863,24.349,3.8506,45.9091,41.4252,24.4742,2.96945
2020-08-24,48.4181,46.2952,24.315,3.85216,45.2598,42.2701,25.1315,2.82729
2020-08-25,48.1305,45.8502,24.3001,3.78467,44.6517,41.2028,24.1689,2.6455
2020-08-26,47.8322,45.4345,24.3006,3.76995,46.6559,43.9458,25.404,2.95672
2020-08-27,47.7754,45.1582,24.3862,3.65682,47.43,44.0464,25.4893,2.92541
2020-08-28,47.4393,44.6522,24.3029,3.63757,46.0284,42.7309,23.7581,3.96585
2020-08-31,47.5355,44.5449,24.482,3.98253,53.3299,49.195,27.9979,8.43532
2020-09-01,47.8537,44.6952,24.5905,3.98872,56.3564,51.8689,25.9833,2.72461
2020-09-02,48.3472,45.2411,24.7575,4.05044,58.3563,56.6808,26.6969,4.83084
2020-09-03,48.2997,46.4704,25.4127,5.47277,47.6467,63.4884,33.4237,15.6628
2020-09-04,48.1087,47.1129,25.5541,5.769,44.4432,56.1672,26.6709,8.4788
2020-09-08,47.4664,47.5112,25.552,5.7927,35.4197,52.5292,24.1699,3.96057
2020-09-09,46.6558,47.594,25.5019,6.05609,30.7406,46.6102,22.9196,8.25829
2020-09-10,45.7758,47.5957,25.2616,5.97352,32.8577,48.0119,21.7603,4.24132
2020-09-11,45.2608,47.5636,25.1909,5.96509,33.7151,44.1243,21.6705,6.77148
2020-09-14,44.8721,47.6015,25.0888,6.03223,35.0722,43.7183,21.3664,4.71787
2020-09-15,44.4619,47.5177,24.9343,6.02956,37.7942,42.8403,20.9792,2.9059
2020-09-16,44.2254,47.5021,24.826,5.99822,40.8127,43.1157,21.4777,3.03596
2020-09-17,44.1202,47.5761,24.7207,5.98869,42.8282,43.9494,21.2898,3.17767
2020-09-18,43.8379,47.4988,24.4857,5.97014,40.1911,41.4612,19.3725,2.98307
2020-09-21,44.4704,48.3786,24.4442,6.02913,53.9492,57.082,23.6623,5.58845
2020-09-22,45.2653,49.3487,24.419,5.97465,56.7713,59.2082,24.0483,2.95702
2020-09-23,45.802,50.5242,24.4528,6.19951,53.3169,62.4703,25.4386,7.834
2020-09-24,46.4858,51.5771,24.4532,6.15885,55.2616,61.0167,24.2672,2.99964
2020-09-25,46.7876,52.2507,24.411,6.25427,51.4891,57.9786,24.3863,6.20381
2020-09-28,47.029,52.9408,24.296,6.2152,51.3905,58.4958,23.1744,2.6237
2020-09-29,47.347,53.4925,24.2418,6.1588,51.7982,56.0509,22.8905,3.04661
2020-09-30,47.5515,53.9134,24.0051,5.94323,55.5975,58.2483,22.8033,3.65444
2020-10-01,47.6779,54.1561,23.8819,5.93089,56.5082,56.8662,23.2663,3.3252
2020-10-02,47.7875,54.253,23.7441,5.87243,57.6081,57.7895,23.5463,3.65764
2020-10-05,48.0244,53.873,23.176,4.95725,52.2667,55.9333,23.2653,5.55796
2020-10-06,48.3185,53.83,23.0229,4.67162,50.7203,55.0254,23.426,3.41871
2020-10-07,48.6702,53.7743,22.952,4.8531,45.2757,51.471,22.6415,7.18372
2020-10-08,49.0835,53.7713,22.8909,4.72552,43.377,47.0966,21.6251,6.30539
2020-10-09,49.2741,53.4964,22.8478,4.94123,39.3065,41.3595,20.8401,7.89754
2020-10-12,49.4695,53.4916,22.8941,4.81261,39.4977,43.5147,22.8044,3.94249
2020-10-13,49.6768,53.5005,23.0291,4.77173,43.0835,45.0022,24.8397,3.5512
2020-10-14,49.8259,53.5039,23.1154,4.76422,43.3732,43.9315,23.3654,2.80528
2020-10-15,49.991,53.5354,23.1959,4.75864,46.3019,45.0804,23.6501,3.02158
2020-10-16,50.2142,53.6076,23.2964,4.74399,49.5136,46.808,24.056,2.71017
2020-10-19,50.6172,53.97,23.6417,4.9749,51.6504,52.8768,27.3753,7.64507
2020-10-20,50.5565,53.7377,23.7099,4.86774,53.186,52.7112,25.0618,3.14517
2020-10-21,50.277,53.2528,23.7273,4.89129,51.8856,49.8697,24.4187,3.52582
2020-10-22,50.139,52.4677,23.6642,4.63665,50.9095,48.0515,24.3885,3.93541
2020-10-23,49.9001,51.7284,23.6665,4.65713,51.3973,47.49,24.4233,3.28531
2020-10-26,49.9974,51.5657,23.9453,5.35067,53.4685,55.516,29.3771,13.3667
2020-10-27,50.2284,51.403,24.1023,5.35457,55.853,55.9381,26.2265,2.52547
2020-10-28,50.2197,52.3302,24.8998,7.22539,51.656,70.6226,35.6481,21.4287
2020-10-29,49.8388,52.5918,25.3033,7.74791,48.1463,63.0725,30.599,13.197
2020-10-30,49.7125,53.1247,25.5595,7.90289,54.3837,65.9121,28.1963,7.60372
2020-11-02,49.2022,53.189,25.7871,8.07378,48.604,59.043,27.9025,8.06385
2020-11-03,48.7403,53.0716,25.9187,8.27339,42.3917,53.616,26.0848,9.90438
2020-11-04,47.9647,52.6093,26.0213,8.66077,31.9357,44.9878,25.4845,11.9995
2020-11-05,47.435,52.2984,26.0659,8.58003,30.7914,44.055,23.4918,4.49264
2020-11-06,46.9818,52.0111,26.0812,8.59795,30.2947,39.014,21.6331,6.61374
2020-11-09,46.6757,51.8776,26.1084,8.50723,29.3865,36.5009,21.1645,5.21892
2020-11-10,46.3453,51.5438,26.0491,8.47347,31.041,35.1466,21.7093,3.08684
2020-11-11,45.8509,51.0779,25.8708,8.5064,29.6125,32.0715,20.4519,5.52273
2020-11-12,45.4666,50.7555,25.8807,8.57215,33.9598,36.0977,23.898,6.27656
2020-11-13,44.833,50.2979,25.7514,8.67626,29.1599,32.041,20.4019,7.3348
2020-11-16,44.221,49.9518,25.6953,8.69887,31.3426,34.4198,22.1036,3.24878
2020-11-17,43.402,49.2622,25.4741,8.59929,32.0367,33.27,21.9758,2.78633
2020-11-18,42.488,48.6019,25.4044,8.64991,32.7156,34.6433,23.0025,3.60674
2020-11-19,41.6053,48.0324,25.3168,8.70187,32.9208,33.3254,21.5568,3.76062
2020-11-20,40.8065,47.5684,25.2513,8.73263,34.49,34.1351,22.2149,2.9345
2020-11-23,39.9634,47.0196,25.1619,8.75625,35.7211,34.7858,22.4835,4.32884
2020-11-24,38.7208,45.9321,24.7652,8.28303,31.1134,32.9157,21.8503,4.74533
2020-11-25,37.2427,44.7106,24.528,8.31416,30.8079,30.8261,21.3422,3.56789
2020-11-30,36.0327,42.2013,23.6165,6.65739,32.2582,30.9285,21.7052,3.01964
2020-12-01,35.0886,40.3145,23.0452,5.9809,31.7839,30.5694,20.3785,2.76152
2020-12-02,33.5705,37.924,22.5981,5.74493,32.4825,30.0572,20.425,2.36427
2020-12-03,32.5658,36.0556,22.1908,5.46973,34.3692,30.982,21.0917,2.60903
2020-12-04,31.9269,34.5701,21.8729,5.09375,31.7258,29.0302,20.1912,4.6611
2020-12-07,31.9832,33.7085,21.6339,4.3517,33.0594,29.5684,21.1548,2.83254
2020-12-08,32.0018,32.8056,21.4482,4.32217,31.1756,27.3963,19.8336,3.8879
2020-12-09,32.1326,32.3238,21.4652,4.14628,32.9885,29.7495,21.9788,3.68157
2020-12-10,32.3591,32.0057,21.4604,4.02011,34.0972,30.2167,21.0684,2.48354
2020-12-11,32.7062,31.9038,21.5241,4.05685,37.6983,33.2552,22.9587,3.93253
2020-12-14,33.3118,32.1522,21.7407,3.94199,42.2959,37.502,25.1408,3.34511
2020-12-15,33.4164,32.0377,21.7234,3.86585,36.4142,34.4645,23.9635,5.52339
2020-12-16,33.6921,32.0445,21.8403,3.61264,35.2091,32.2021,22.9435,3.9873
2020-12-17,33.7972,31.8927,21.8548,3.62555,34.0357,30.768,22.4234,3.59199
2020-12-18,33.9314,31.8125,21.9079,3.63456,35.2501,31.3914,23.2012,3.05073
2020-12-21,34.4855,32.062,22.1768,4.02884,43.3853,38.911,27.8178,8.77236
2020-12-22,35.0814,32.4067,22.3926,4.01887,43.4604,38.8597,25.5358,3.62112
2020-12-23,35.3744,32.4903,22.5266,4.21355,40.0767,35.3266,24.7824,6.4711
2020-12-28,35.3013,32.3387,22.5719,4.23139,34.2817,31.9023,23.3512,4.65512
2020-12-29,35.6806,32.4695,22.7938,4.25885,38.7057,35.2636,25.9186,5.16953
2020-12-30,35.9791,32.5784,22.8972,4.30038,37.0783,33.0327,23.4386,4.45016
2020-12-31,36.1806,32.6631,22.9969,4.3132,36.5952,32.716,23.7514,3.41207
2021-01-04,36.813,33.3666,23.5755,5.06568,43.3935,42.3448,30.2927,11.7045
2021-01-05,37.2361,33.8348,23.8054,5.22049,40.6997,38.7718,25.0557,6.03058
2021-01-06,37.6704,34.301,24.0462,5.21905,42.6819,39.8033,25.9806,2.80445
2021-01-07,37.7238,34.4609,24.1536,5.51835,33.4057,32.8677,22.8152,9.16822
2021-01-08,37.7897,34.6077,24.2653,5.52278,34.6776,32.996,23.6883,3.09377
2021-01-11,38.3323,35.2186,24.7409,5.76875,42.8451,40.5503,29.7466,8.61391
2021-01-12,38.7053,35.5799,24.9117,5.82729,41.2873,37.8527,25.7708,5.24584
2021-01-13,38.9913,35.8478,25.1189,5.86571,40.3936,36.2447,25.7231,3.81786
2021-01-14,39.2378,36.0798,25.3068,5.8704,42.8376,38.2077,26.9804,3.97459
2021-01-15,39.3776,36.2414,25.427,5.87754,44.8465,40.7072,27.7198,3.88865
2021-01-19,39.8235,36.6063,25.5982,5.80899,45.3136,41.5388,27.5302,4.00677
2021-01-20,39.9999,36.8556,25.722,5.88431,39.9075,38.2846,26.0756,6.09803
2021-01-21,40.2596,37.1347,25.8886,5.84071,40.8645,38.049,26.621,2.76077
2021-01-22,40.544,37.421,26.0355,5.80816,42.3271,38.7947,26.8697,2.71135
2021-01-25,40.7186,37.5814,26.0784,5.59722,46.1857,41.7001,28.3781,4.78457
2021-01-26,41.011,37.8357,26.2167,5.58235,48.599,43.4916,28.2347,3.18837
2021-01-27,41.9499,39.6525,27.3546,7.75805,56.3203,63.8802,42.8999,24.963
2021-01-28,42.8538,41.013,27.7394,7.95532,52.3119,56.9178,31.2901,9.24741
2021-01-29,43.7112,42.6769,28.2841,8.2225,54.9839,64.0709,36.0389,10.7492
2021-02-01,44.1582,43.8014,28.6145,8.42533,46.846,55.6366,30.6834,9.50517
2021-02-02,44.2675,44.3975,28.788,8.716,39.6597,46.7067,27.9412,10.7514
2021-02-03,44.0193,44.374,28.5564,8.43302,37.9837,41.7854,25.5927,6.46901
2021-02-04,43.8321,44.387,28.5446,8.47438,35.7091,38.5684,24.4282,6.9633
2021-02-05,43.6212,44.3445,28.5243,8.49559,37.6712,38.4816,25.3361,3.45336
2021-02-08,43.8817,44.6134,28.6876,8.29048,39.1641,38.8749,26.3729,2.72762
2021-02-09,44.1133,44.8305,28.7967,8.28276,40.4419,38.7377,26.3483,2.57628
2021-02-10,44.1304,44.8109,28.6597,8.09624,43.2886,40.3172,26.6921,2.84935
2021-02-11,44.216,44.8625,28.6445,8.0484,43.4084,39.4935,25.511,3.41884
2021-02-12,44.2229,44.8641,28.588,8.0736,40.6641,36.5319,24.3476,5.00169
2021-02-16,44.3245,44.9555,28.6185,8.07745,45.2797,40.1162,27.616,3.48392
2021-02-17,44.3325,44.927,28.5863,8.06893,45.0845,39.5618,26.8019,2.80125
2021-02-18,44.3572,44.927,28.5987,8.08573,46.1288,40.6833,27.586,3.30529
2021-02-19,44.5897,45.0191,28.6304,8.04879,44.9337,39.2222,26.3005,3.9184
2021-02-22,44.8949,45.247,28.7339,8.11593,47.2494,42.7592,28.735,4.93317
2021-02-23,45.1693,45.4144,28.7352,8.15733,47.6611,42.5504,26.9455,4.67052
2021-02-24,44.9375,45.2563,28.5873,8.22039,41.5975,38.2971,25.3481,6.57635
2021-02-25,44.818,45.8403,29.2362,9.43249,46.3389,53.7557,38.6939,20.2817
2021-03-01,43.5262,44.323,28.3388,8.72869,30.8353,37.647,28.8825,19.335
2021-03-02,42.5434,43.3101,28.0919,8.51042,33.38,39.083,26.6627,3.74895
2021-03-03,41.5424,41.9974,27.6411,8.26585,36.8827,43.2165,28.2211,5.92735
2021-03-04,41.1622,41.4409,27.5041,8.12482,39.791,46.3659,28.1106,6.80106
2021-03-05,40.7865,41.0043,27.4126,8.23304,31.3471,38.5005,26.1489,12.2021
2021-03-08,40.6389,40.9125,27.4495,8.15658,34.8939,40.0154,26.3722,4.29221
2021-03-09,40.4839,40.8367,27.4326,8.14033,32.0091,36.9337,24.1149,6.59336
2021-03-10,40.273,40.6957,27.3703,8.14523,32.7961,35.3558,23.9784,3.8919
2021-03-11,39.9613,40.4643,27.2291,8.17525,31.6258,33.3747,23.0702,4.53295
2021-03-12,39.7236,40.3092,27.1531,8.20878,34.3737,34.2842,24.2197,3.27136
2021-03-15,39.2698,39.9808,27.0236,8.28491,32.2353,31.1853,23.1133,5.34661
2021-03-16,38.8424,39.6782,26.976,8.28908,33.4471,31.2801,24.1101,2.7693
2021-03-17,38.4573,39.4048,26.9054,8.31148,30.8076,27.9943,22.0297,5.39006
2021-03-18,37.8852,39.0936,26.8392,8.38186,31.6182,32.1487,26.0287,6.50116
2021-03-19,37.3182,38.7563,26.7082,8.40247,31.5772,30.5281,23.4386,4.13005
2021-03-22,36.4967,38.1667,26.4717,8.55847,28.5646,27.5559,22.6159,8.60825
2021-03-23,35.8762,37.7559,26.4327,8.5273,31.3673,30.2248,25.569,4.33295
2021-03-24,35.1413,37.2097,26.2786,8.46577,32.9081,31.2905,25.4922,3.43217
2021-03-25,34.1377,36.4985,26.1007,8.48415,30.1041,28.1163,23.363,5.39711
2021-03-26,33.3209,35.9423,25.9612,8.49909,24.8949,25.3655,22.173,6.87789
2021-03-29,32.2542,34.377,25.07,7.19076,28.1601,27.4943,25.0656,4.07799
2021-03-30,32.0423,33.7947,24.7167,5.88528,25.7257,24.5265,21.8642,5.89423
2021-03-31,31.6934,33.0859,24.4807,5.89774,25.6771,23.9665,21.8622,3.9226
2021-04-01,31.0131,32.0056,24.0903,5.91139,22.397,21.5859,20.434,6.20514
2021-04-05,30.0439,30.5684,23.68,5.75387,20.7507,20.5668,20.2229,3.05754
2021-04-06,29.591,29.666,23.3814,5.08974,21.0577,20.4346,20.1867,3.17625
2021-04-07,28.918,28.6139,23.0348,5.08431,20.9891,20.1734,19.4625,4.08216
2021-04-08,28.4195,27.7629,22.8075,4.91802,21.0692,19.6818,19.2373,3.10166
2021-04-09,27.9565,27.0753,22.6568,4.90858,22.6686,21.2452,20.6233,3.42993
2021-04-12,27.607,26.5266,22.5779,4.86146,23.8331,21.593,21.2098,3.01671
2021-04-13,27.1032,25.9269,22.4089,4.86457,23.0665,20.8398,20.2116,3.42997
2021-04-14,26.7387,25.5043,22.3129,4.786,23.8316,21.2822,20.8139,3.28357
2021-04-15,26.2349,25.0527,22.1408,4.83906,21.9841,20.8522,19.9777,4.45356
2021-04-16,25.8885,24.7783,22.0895,4.75936,22.6044,21.2479,20.7363,3.23117
2021-04-19,25.6863,24.4145,22.0366,4.68442,27.2218,24.7396,24.5317,5.01348
2021-04-20,25.6323,24.2757,22.1583,4.68152,29.7009,27.1493,25.4224,4.16775
2021-04-21,25.4969,24.108,22.1772,4.48357,26.2172,24.6391,23.0421,6.43593
2021-04-22,25.3128,23.9028,22.1778,4.5565,28.4173,26.972,25.6252,5.61521
2021-04-23,24.8676,23.5036,22.0429,4.73869,25.8775,25.155,23.3254,6.77881
2021-04-26,24.634,23.2995,22.041,4.6217,26.4548,24.9011,23.4671,2.706
2021-04-27,24.7439,23.2799,22.1178,4.43248,27.0538,25.0675,23.6988,3.61031
2021-04-28,24.6539,23.0971,22.0054,4.39558,26.6092,24.2823,23.0523,3.13807
2021-04-29,24.7105,23.0893,22.0733,4.24681,26.8842,24.4291,23.2513,2.89428
2021-04-30,24.8341,23.1725,22.1972,4.23846,28.0135,25.5606,24.2837,3.72993
2021-05-03,25.0903,23.3259,22.3212,4.07889,27.6402,24.7387,23.0217,3.39793
2021-05-04,25.5114,23.6039,22.5276,4.12423,29.4384,26.2667,24.4623,4.11934
2021-05-05,25.8898,23.8399,22.6615,4.13079,28.8593,25.3199,22.9653,3.30839
2021-05-06,26.1565,24.0218,22.7989,4.15667,26.843,24.1289,22.453,4.58927
2021-05-07,26.3178,24.1694,22.9164,4.2816,24.6254,22.9086,21.7571,5.60917
2021-05-10,26.4792,24.3245,23.1019,4.42775,26.5677,24.8653,24.6908,6.19809
2021-05-11,26.792,24.6597,23.3254,4.57781,30.57,28.7528,26.0418,6.22801
2021-05-12,27.4387,25.7806,24.0393,5.76789,35.4503,39.8027,33.1789,16.0625
2021-05-13,27.6114,26.2055,24.2597,6.37136,28.0243,30.5195,25.8664,12.7927
2021-05-14,27.6454,26.3102,24.4099,6.88209,23.5914,24.1246,24.0273,12.8997
2021-05-17,27.8375,26.5871,24.6421,6.91529,27.841,28.5823,26.736,4.6008
2021-05-18,27.9659,26.8611,24.7526,6.92632,30.1812,30.8699,27.135,4.82127
2021-05-19,28.0785,27.0738,24.7984,6.92305,32.6105,32.0027,26.6623,2.90803
2021-05-20,28.2207,27.2519,24.881,6.91263,29.3556,28.5856,24.7797,6.05175
2021-05-21,28.2728,27.3021,24.8486,6.88756,29.7128,28.1028,25.0758,4.25218
2021-05-24,28.3172,27.3331,24.8872,6.92739,26.6175,25.5968,24.0298,7.63855
2021-05-25,28.3715,27.3843,24.9357,6.94977,27.4671,25.7813,24.4003,2.86442
2021-05-26,28.3133,27.354,24.9055,7.03683,25.3394,23.8272,22.7104,5.90968
2021-05-27,28.2269,27.3311,24.8901,7.12196,24.0248,23.0338,22.2898,5.49966
2021-05-28,28.0911,27.2667,24.8386,7.15029,23.1278,22.1793,21.6575,3.30417
2021-06-01,27.9691,27.1732,24.7914,7.17707,25.0086,22.7212,23.0148,3.86003
2021-06-02,27.8435,27.1053,24.7585,7.20979,24.4602,22.4096,21.8106,3.82652
2021-06-03,27.6604,26.9796,24.6882,7.21125,25.5975,22.97,22.7414,3.24691
2021-06-04,27.4117,26.8789,24.6442,7.32703,22.899,22.0614,21.2611,6.28871
2021-06-07,27.227,26.7949,24.5937,7.31285,21.9404,21.1059,20.5584,2.92927
2021-06-08,27.1794,26.7723,24.5946,7.25836,22.7265,21.3118,21.1087,2.85374
2021-06-09,27.0781,26.6678,24.4689,7.1817,23.9715,21.6637,21.7356,3.18411
2021-06-10,26.6397,26.3267,24.206,7.2542,20.8631,20.7851,19.9506,7.73619
2021-06-11,25.794,25.1022,23.4064,6.24856,20.941,21.4547,20.3319,4.47617
2021-06-14,25.539,24.6333,23.209,5.52877,22.7574,22.1953,22.2946,3.27029
2021-06-15,25.5858,24.5823,23.1494,4.68389,24.0025,22.6103,22.9305,3.41216
2021-06-16,25.4653,24.3331,23.0001,4.66224,25.4606,23.6753,24.0965,4.01483
2021-06-17,25.1467,23.8913,22.7434,4.62313,23.9859,22.6257,22.2396,3.86854
2021-06-18,24.8449,23.5392,22.7753,5.00308,28.109,26.7621,28.1005,9.75385
2021-06-21,24.5599,23.2952,22.743,5.34693,24.1777,24.1687,24.0079,9.87803
2021-06-22,24.2053,23.0472,22.6175,5.44191,23.1713,23.5141,22.6428,6.15575
2021-06-23,24.0016,22.9236,22.5422,5.24642,22.8336,23.3282,22.6157,4.28954
2021-06-24,23.7121,22.7739,22.4089,5.30304,22.1116,23.0449,21.9041,4.4902
2021-06-25,23.5076,22.7144,22.3317,5.21841,21.3561,22.6659,21.2191,4.22051
2021-06-28,23.3652,22.6768,22.2798,5.11545,21.1723,22.2973,21.2758,3.1201
2021-06-29,23.3113,22.6935,22.2978,5.11429,22.0543,22.5289,22.0419,3.36594
2021-06-30,23.1597,22.6722,22.2261,5.09866,21.9963,22.3043,21.5818,3.54128
2021-07-01,23.0442,22.617,22.2214,5.09357,22.0965,21.2525,21.7248,3.72381
2021-07-02,22.8464,22.5237,22.1591,5.1176,21.6174,20.9552,21.4359,3.90607
2021-07-06,22.8338,22.4939,22.2339,5.00973,22.6299,21.4335,22.8845,3.99313
2021-07-07,22.8794,22.5002,22.2992,5.01024,22.9319,21.2768,22.0244,3.01101
2021-07-08,23.071,22.6517,22.5356,5.16861,26.5341,24.5218,25.9349,6.55378
2021-07-09,23.0124,22.6699,22.5548,5.46533,22.7233,22.0371,22.1382,8.93252
2021-07-12,23.1029,22.7348,22.679,5.2516,23.0359,22.3704,22.9186,2.99839
2021-07-13,23.3202,22.8641,22.8986,5.25062,25.9458,24.4396,25.4071,4.36001
2021-07-14,23.3645,22.8746,22.9052,5.25944,23.7718,22.5104,22.517,3.85196
2021-07-15,23.416,22.9081,22.938,5.25277,25.0266,23.3777,23.6439,3.42854
2021-07-16,23.5161,22.9953,23.0162,5.29166,27.3274,25.4711,25.6499,5.14541
2021-07-19,23.8549,23.3927,23.4006,5.76806,30.0501,29.917,29.4689,11.2147
2021-07-20,23.7375,23.3849,23.2718,5.7952,25.0978,26.0034,24.8301,9.48331
2021-07-21,23.6838,23.3414,23.1933,5.55819,23.0988,23.3815,22.452,7.09709
2021-07-22,23.6697,23.3237,23.1766,5.44768,22.801,23.1618,22.2084,3.60728
2021-07-23,23.7725,23.4225,23.2451,5.46523,24.8295,25.2207,23.9462,4.65525
2021-07-26,24.1239,23.7429,23.5227,5.41304,27.907,27.9968,26.5267,3.49172
2021-07-27,24.6916,24.2451,23.9527,5.40462,30.9499,30.7384,28.6502,4.15037
2021-07-28,25.1934,24.6559,24.2639,5.43754,30.1134,29.3313,27.0272,4.28665
2021-07-29,25.5536,24.9429,24.4663,5.46617,28.852,27.8435,25.9882,4.37289
2021-07-30,25.9588,25.2742,24.739,5.45936,29.5453,28.3937,26.8204,3.70289
2021-08-02,26.4779,25.7357,25.0271,5.44995,31.515,29.8991,27.3277,3.93356
2021-08-03,26.8172,26.057,25.2256,5.59743,29.1581,28.1558,26.0151,6.97817
2021-08-04,27.1112,26.348,25.3956,5.55901,29.0297,27.9577,26.5169,3.37198
2021-08-05,27.3094,26.5684,25.5285,5.61772,27.6849,26.7478,25.3177,5.02617
2021-08-06,27.2787,26.5748,25.4458,5.54067,26.0796,25.0551,24.2569,4.94136
2021-08-10,27.4482,26.7085,25.5632,5.28002,27.3341,25.9163,25.3192,3.66806
2021-08-11,27.5751,26.8002,25.616,5.32056,26.5584,25.1193,24.4687,4.523
2021-08-12,27.54,26.7613,25.5402,5.30485,25.5732,24.1498,23.8138,4.21716
2021-08-13,27.5507,26.7613,25.5431,5.31802,24.5478,23.1037,22.9977,4.41617
2021-08-16,27.5984,26.7997,25.5819,5.31433,26.4341,24.6819,24.7604,3.51738
2021-08-17,27.6644,26.8529,25.639,5.31172,28.8831,26.8824,26.9568,5.09732
2021-08-18,27.8196,26.9335,25.7042,5.17857,33.0146,31.3796,30.5679,9.50651
2021-08-19,28.2576,27.2399,25.8692,4.84282,34.3227,32.2907,28.3908,3.36439
2021-08-20,28.4807,27.4064,26.0129,5.07856,28.9418,27.6726,26.1531,9.96039
2021-08-23,28.7658,27.6351,26.2367,5.19813,29.9093,28.688,27.4872,6.24541
2021-08-24,29.0294,27.81,26.4344,5.15648,30.7503,29.0577,28.1589,3.80493
2021-08-25,29.1032,27.7867,26.4594,5.2173,29.3476,27.5516,26.9894,4.94395
2021-08-26,29.1734,27.7468,26.5342,5.28573,31.9849,29.7747,29.7107,5.62135
2021-08-27,29.1038,27.644,26.5294,5.5034,28.7257,27.2975,26.9178,8.06257
2021-08-30,29.0532,27.5681,26.5389,5.45801,27.8741,26.3423,26.2154,3.22838
2021-09-01,28.9435,27.4299,26.4785,5.45306,27.402,25.6834,25.6483,3.69769
2021-09-02,28.6935,27.1689,26.3545,5.44816,26.7326,24.8733,24.9142,3.83787
2021-09-03,28.6386,27.0597,26.3614,5.30156,28.0292,25.9043,26.1838,3.98681
2021-09-08,28.7238,27.0496,26.4562,5.38685,30.7304,27.771,28.4053,5.47163
2021-09-10,28.9429,27.209,26.6741,5.52715,31.8467,29.7119,29.472,7.4141
2021-09-13,29.2622,27.472,26.88,5.50875,32.7264,30.4964,28.6411,4.48954
2021-09-14,29.527,27.6912,27.0315,5.49286,32.8499,30.489,28.5765,3.27834
2021-09-16,29.7039,27.8599,27.1557,5.55239,30.5906,28.9107,27.3657,5.90365
2021-09-17,30.097,28.2543,27.4719,5.67342,34.1734,32.6419,30.7375,6.88989
2021-09-20,31.0988,29.4999,28.2942,6.49706,42.3294,43.7173,37.6595,14.3752
2021-09-21,31.9514,30.4948,28.6463,6.49989,42.1393,42.3727,32.207,4.55627
2021-09-22,32.1914,30.8864,28.7664,6.81757,34.1548,34.8306,29.6485,10.2703
2021-09-23,32.0305,30.8673,28.6417,6.8629,29.793,30.8948,27.8217,9.43099
2021-09-24,31.8182,30.7719,28.5721,6.86543,29.7744,30.1674,27.1216,4.59579
2021-09-27,31.8727,30.8824,28.6081,6.58416,30.8037,30.6819,27.5221,3.81367
2021-09-28,32.0762,31.3989,28.9563,7.19923,33.9605,37.9603,33.7371,14.0713
2021-09-29,32.3387,31.9042,29.0431,7.16681,35.7621,38.3786,29.9133,3.19356
2021-09-30,32.6921,32.5057,29.2098,7.13767,36.7978,39.8679,30.6114,3.97613
2021-10-01,32.691,32.5739,29.1393,7.19781,32.0286,31.4297,28.2881,7.07591
2021-10-04,32.8528,32.7732,29.1524,7.0852,32.664,32.3273,27.574,5.69379
2021-10-05,32.9722,32.9124,29.1714,7.1879,31.0601,30.255,26.9497,6.61158
2021-10-06,33.1036,33.0386,29.149,7.17108,30.9209,29.4418,25.5358,3.58267
2021-10-07,33.1957,33.1222,29.1465,7.22469,29.4583,27.6876,25.1833,5.76765
2021-10-08,33.2731,33.1878,29.1078,7.21554,30.195,28.0107,25.3702,3.82146
2021-10-11,33.3665,33.2883,29.07,7.17619,33.0613,30.4252,27.4076,3.90068
2021-10-12,33.4064,33.3057,28.9469,7.0697,32.646,29.5687,26.2593,4.08391
2021-10-13,33.2842,33.166,28.794,7.09415,29.5435,26.5152,24.6167,5.31677
2021-10-14,32.9743,32.9245,28.5981,7.24561,24.2867,23.4408,23.4225,7.90985
2021-10-15,32.7605,32.7406,28.465,7.19324,25.5674,24.6011,24.397,4.5405
2021-10-18,32.5414,32.497,28.3097,7.07578,29.5665,27.6371,27.335,4.05577
2021-10-19,31.7842,31.5781,27.6752,6.44566,28.1891,26.625,26.1294,5.42244
2021-10-20,31.0598,30.7548,27.4007,6.41542,28.7119,26.9767,26.8352,3.8312
2021-10-21,30.7459,30.3283,27.2244,6.06939,28.0784,26.5591,26.297,4.62988
2021-10-22,30.7582,30.1788,27.2396,5.75264,30.0445,27.8586,28.1117,3.87318
2021-10-25,30.665,29.9779,27.1714,5.73995,27.8609,25.9566,25.7516,4.31243
2021-10-26,30.6153,29.8155,27.1666,5.72521,29.7872,27.3006,27.4332,3.28727
2021-10-27,30.4798,29.2635,26.8663,4.89501,31.4061,28.3021,28.5016,4.90337
2021-10-28,30.1309,28.6291,26.6939,5.01058,29.2183,27.1002,26.6312,5.76494
2021-10-29,29.7961,27.9813,26.5544,4.99092,30.0236,27.7082,27.6056,3.61772
2021-11-01,29.6753,27.745,26.4675,4.78853,29.6477,26.8249,26.5683,3.13896
2021-11-02,29.4778,27.4191,26.3874,4.70839,28.9138,26.2579,26.0083,4.16093
2021-11-03,29.2815,27.1684,26.2943,4.61409,26.9848,25.1842,25.0163,5.0545
2021-11-04,29.0642,26.9228,26.2536,4.59879,26.4832,24.4837,24.7004,3.18927
2021-11-05,29.0396,26.8422,26.3213,4.50077,28.943,26.0078,26.6266,3.81757
2021-11-08,29.0259,26.775,26.3737,4.50636,29.8117,26.5506,26.5464,4.02371
2021-11-09,28.9417,26.6435,26.3586,4.50204,30.6669,27.1685,26.8918,3.93633
2021-11-10,28.8361,26.5359,26.3552,4.48855,29.6684,26.7406,26.2242,3.9263
2021-11-11,28.8204,26.5189,26.3657,4.46691,29.0739,26.165,25.2246,4.74683
2021-11-12,28.8754,26.5312,26.3626,4.35123,26.4874,24.3234,23.9184,5.74982
2021-11-15,28.9832,26.5736,26.4081,4.31351,28.2071,25.601,25.4733,3.59519
2021-11-16,28.9178,26.4704,26.3071,4.29895,28.1062,25.3661,25.0824,3.61881
2021-11-17,28.9989,26.4705,26.3194,4.22444,29.9493,26.6523,26.3864,4.05331
2021-11-18,29.0822,26.4694,26.2851,4.21673,30.5813,27.0228,26.112,3.56394
2021-11-19,29.0627,26.3814,26.1862,4.17913,27.2199,24.1742,23.5595,3.77323
2021-11-22,29.5675,26.7109,26.4129,4.41085,38.563,33.4722,31.9931,7.38053
2021-11-23,30.0458,27.0193,26.5503,4.42399,36.6192,31.6473,28.4165,4.57238
2021-11-24,30.3474,27.1881,26.5631,4.46006,35.2831,30.3876,27.6164,4.20348
2021-11-26,31.7809,29.0468,28.3097,8.66341,54.5357,55.9586,54.381,35.3451
2021-11-29,32.068,29.4706,28.7838,10.0764,35.0176,35.1492,35.4313,23.7905
2021-11-30,32.714,30.4606,29.4308,10.6543,41.3312,43.6722,38.5429,15.7135
2021-12-01,34.2101,32.2677,30.1802,11.082,53.0491,53.9445,39.6777,13.9752
2021-12-02,35.1103,33.3474,30.6209,11.4489,45.9242,46.1971,34.9991,13.6836
2021-12-03,36.7685,35.102,31.3765,11.6407,55.9648,55.2725,39.7058,10.9259
2021-12-06,37.6806,36.0509,31.7983,11.9612,45.1863,43.942,33.8471,12.794
2021-12-07,37.8376,36.3102,31.9968,12.5496,33.0505,32.7931,31.2494,17.7839
2021-12-08,37.9149,36.4733,32.0534,12.6282,31.6208,30.7077,27.8187,7.40762
2021-12-09,38.0369,36.6734,32.1573,12.6445,33.7433,32.3665,29.409,5.15721
2021-12-10,38.1304,36.813,32.2453,12.8063,31.5867,29.8773,28.033,9.57085
2021-12-13,38.4642,37.155,32.5578,12.899,36.8229,34.3934,32.3874,7.84339
2021-12-14,39.0087,37.6364,32.8647,12.9051,39.7296,36.4832,31.3192,5.18128
2021-12-15,39.1349,37.7837,32.9889,13.1252,32.1665,30.3843,29.035,12.0683
2021-12-16,39.4585,38.0996,33.2645,13.1974,37.2286,34.7354,32.4979,7.69095
2021-12-17,39.814,38.4425,33.4564,13.2062,39.3199,36.3179,31.5398,5.15938
2021-12-20,40.4659,39.0036,33.7393,13.1869,45.3389,41.2338,33.5734,5.82501
2021-12-21,40.7816,39.2951,33.9517,13.2731,38.6234,35.916,31.5871,10.1278
2021-12-22,40.6361,39.2562,33.8553,13.3279,35.4057,32.6749,29.9209,9.27725
2021-12-23,40.5861,39.2874,33.9068,13.3409,35.4654,32.4144,29.6331,5.2612
2021-12-27,40.4699,39.2744,33.9308,13.388,32.2848,29.8048,28.0585,6.3185
2021-12-28,39.3663,37.9556,32.4829,11.1731,32.1785,29.7348,28.1689,4.30535
2021-12-29,39.2159,37.6943,32.1135,9.95035,31.9572,29.4574,27.8951,5.71947
2021-12-30,38.7645,36.9663,31.5527,9.33756,32.2424,29.3379,28.1021,4.08794
2021-12-31,37.5843,35.5204,30.8946,8.82832,32.1513,28.954,27.627,3.70685
2022-01-03,36.8125,34.5559,30.4655,8.38285,30.434,27.1712,26.1851,5.31281
2022-01-04,35.3994,32.9299,29.7986,8.0653,31.9155,27.9962,27.3079,3.52935
2022-01-05,34.7012,32.1594,29.6696,7.87607,32.8406,30.7153,31.5113,10.182
2022-01-06,34.6742,32.0117,29.4782,6.90752,32.7182,29.8286,27.3652,3.45942
2022-01-07,34.6765,31.9129,29.4158,6.76006,32.0948,28.8145,26.7339,3.80342
2022-01-10,34.5971,31.7186,29.2608,6.712,32.0696,28.1479,26.0405,3.76214
2022-01-11,34.4616,31.5266,29.0968,6.48742,28.7801,25.7258,24.5426,5.44292
2022-01-12,34.1391,31.1602,28.7663,6.32764,29.4313,25.9401,24.8827,3.96952
2022-01-13,33.797,30.8251,28.6443,6.5166,32.2429,29.1633,28.5469,8.91058
2022-01-14,33.7163,30.6787,28.4657,6.1213,30.6386,27.2187,25.0604,5.08734
2022-01-18,33.7009,30.7026,28.4481,6.47211,36.4464,34.6567,31.6208,12.3253
2022-01-19,33.6832,30.7076,28.3338,6.42605,38.5944,36.0412,28.8795,3.7702
2022-01-20,33.5395,30.6286,28.1608,6.46342,45.1466,42.014,30.9491,6.66539
2022-01-21,34.1364,31.3455,28.2491,6.59638,49.0524,47.8847,33.4513,12.0112
2022-01-24,35.1823,32.4027,28.3058,6.32919,52.5355,49.6779,30.9847,3.66275
2022-01-25,36.4866,33.7107,28.4742,6.40805,59.1111,55.8345,33.3974,7.09127
2022-01-26,38.0173,35.1241,28.6417,6.31353,60.8853,56.2258,31.7942,3.38249
2022-01-27,39.4645,36.3963,28.7604,6.2871,58.1139,52.7675,30.5911,3.38606
2022-01-28,39.9605,37.1025,28.9516,6.92847,42.5868,43.7062,31.6147,14.2314
2022-01-31,40.1433,37.4899,28.9857,7.25466,35.9762,37.7163,28.7533,10.5752
2022-02-01,40.1519,37.6341,28.9798,7.54193,32.2399,32.3431,27.4844,9.89165
2022-02-02,40.3256,37.8895,29.0565,7.54378,34.0816,33.0809,27.7137,5.05179
2022-02-03,40.4752,38.354,29.4655,8.35724,35.841,38.8587,34.9375,16.3907
2022-02-04,40.6136,38.6032,29.346,8.22887,35.8436,36.2837,29.2045,7.815
2022-02-07,40.7334,38.7906,29.2981,8.2304,35.2772,34.0252,26.2505,3.24743
2022-02-08,40.7821,38.879,29.2541,8.35455,32.9594,30.7197,25.6268,7.36874
2022-02-09,40.7579,38.9357,29.2508,8.47413,30.553,28.8342,25.679,7.35543
2022-02-10,41.0377,39.3145,29.5952,8.8244,35.0937,34.7633,31.8074,12.4755
2022-02-11,41.4389,39.8793,29.9531,9.23393,39.5093,40.0568,32.5292,12.9318
2022-02-14,42.0304,40.5021,30.0802,9.08149,45.7109,43.6809,31.3078,3.74746
2022-02-15,42.3493,40.8833,30.3446,9.46416,37.4756,35.9182,30.8708,13.6093
2022-02-16,42.3906,40.885,30.1721,9.17399,36.6174,33.6713,27.6829,5.84314
2022-02-17,42.4253,41.013,30.3223,9.56747,39.1887,38.8863,32.1758,13.3037
2022-02-18,42.3107,40.9177,30.2176,9.49088,42.4513,39.7847,28.4916,3.82883
2022-02-22,42.2711,40.6596,29.9369,9.16888,48.0967,42.9113,27.7248,4.51323
2022-02-23,42.0377,40.3682,29.7822,9.29226,49.0194,44.9485,27.7701,7.55101
2022-02-24,41.361,39.6473,29.568,9.35551,46.8461,42.382,28.7538,8.80029
2022-02-25,40.0647,38.5685,29.374,9.48031,36.8432,35.8313,27.6966,8.25022
2022-02-28,39.2625,37.9524,29.3272,9.57554,45.8725,42.9083,29.6788,6.86798
2022-03-01,39.9929,38.4519,29.4238,9.6022,54.497,51.7766,33.4061,14.6913
2022-03-02,40.6516,38.9646,29.6122,9.70349,48.672,47.1321,32.4225,12.2745
2022-03-03,41.8963,39.9946,29.8108,9.51461,56.8776,52.784,31.6079,4.1556
2022-03-04,43.2407,41.0531,29.9951,9.50777,59.7362,53.8654,31.6699,5.10809
2022-03-07,44.1762,42.119,29.8886,9.46676,54.1642,57.851,33.4885,16.4755
2022-03-08,45.2896,43.2205,29.9211,9.33788,58.1389,57.5139,29.8603,2.54005
2022-03-09,45.749,43.9062,30.1686,9.64381,45.2164,48.0641,31.2295,11.0635
2022-03-10,46.431,44.6628,30.3041,9.56633,48.2648,47.6909,28.4791,4.5749
2022-03-11,47.418,45.5944,30.4783,9.51314,54.6117,51.8187,29.6637,5.07655
2022-03-14,48.4968,46.4297,30.3277,9.18772,59.2442,53.7265,28.4437,4.72271
2022-03-15,49.0133,46.8336,30.2328,8.97991,50.6692,48.6501,30.8985,9.86438
2022-03-16,48.6841,46.5906,30.1798,9.50906,36.9769,37.38,30.1587,15.2187
2022-03-17,48.6621,46.5846,30.0584,9.24089,36.6259,35.5763,27.9422,8.22733
2022-03-18,48.5289,46.4892,29.9974,9.3199,32.8668,31.0416,26.2412,8.24642
2022-03-21,48.518,46.3548,29.8366,8.92182,38.5981,34.8188,28.6581,3.88469
2022-03-22,48.2141,46.0189,29.7448,8.98947,34.6356,30.7655,26.4358,6.52386
2022-03-23,47.7603,45.6427,29.7853,9.01375,36.8519,32.4287,28.4087,4.73513
2022-03-24,47.0868,45.0335,29.7177,9.00528,32.5014,29.0861,26.0581,7.23601
2022-03-25,46.5788,44.5687,29.6193,8.86855,33.8285,29.4928,26.3834,4.83962
2022-03-28,46.5496,44.4236,29.5784,8.77867,33.4326,28.9432,26.2323,5.46208
2022-03-29,46.0178,43.8991,29.4047,8.77048,30.822,27.2005,25.3857,6.14531
2022-03-30,44.9454,42.7914,29.0247,8.17519,32.0237,27.4527,26.1175,4.73465
2022-03-31,44.3233,42.0691,28.8352,7.86864,34.9231,30.887,29.1368,7.63127
2022-04-01,43.1385,41.0793,28.5597,7.99776,31.93,32.048,25.6696,7.71409
2022-04-04,41.5577,39.8555,28.2116,8.06284,29.2106,29.7125,24.2703,6.50441
2022-04-05,40.3903,38.3473,27.8705,7.3993,32.2497,32.2155,27.4033,8.70024
2022-04-06,39.1066,37.0083,27.7562,7.46887,36.3537,35.9684,27.648,4.61642
2022-04-07,38.5352,36.2029,27.4317,7.0652,34.8294,35.3436,25.2814,3.49161
2022-04-08,37.9433,35.5993,27.3573,7.07321,38.5625,38.9741,27.0097,3.76541
2022-04-11,37.0129,34.819,27.3212,7.24934,38.9366,39.4877,29.1754,9.13308
2022-04-12,35.8017,34.0092,27.2771,7.23199,41.7027,42.7743,27.5952,3.2009
2022-04-13,34.9081,33.2906,27.0822,7.20494,34.9165,37.0575,26.9779,9.75973
2022-04-14,34.8299,33.2427,26.8622,6.46308,35.6123,37.2123,25.7095,5.07999
2022-04-18,34.8025,33.3512,26.7039,6.26797,36.2931,38.3466,24.1596,3.38261
2022-04-19,34.8841,33.6774,26.6641,6.2318,34.4193,38.1764,25.1113,8.02767
2022-04-20,34.6973,33.8175,26.4784,6.23007,35.1866,37.9783,24.7718,3.25272
2022-04-21,34.853,34.2665,26.5236,6.29903,38.0642,39.9823,27.4542,7.97463
2022-04-22,34.8553,34.5355,26.6762,7.16871,37.3851,38.1053,31.969,17.0557
2022-04-25,35.5026,35.6246,26.837,7.06332,43.7285,47.722,28.9935,4.89408
2022-04-26,36.0568,36.4268,27.138,7.88096,43.8006,44.5742,31.849,16.1998
2022-04-27,36.817,37.7207,27.2618,7.83554,46.335,51.2794,28.543,4.30208
2022-04-28,37.2775,38.966,27.5095,7.9879,40.4569,51.5996,30.2926,9.28975
2022-04-29,37.347,39.4669,27.7341,8.63341,33.4967,38.514,30.2069,14.8878
2022-05-02,37.2982,40.175,27.6556,8.51691,34.0019,45.0113,27.6667,4.6127
2022-05-03,37.4271,40.9885,27.7087,8.47351,34.9824,47.8363,26.8458,6.84144
2022-05-04,37.4414,41.4217,27.9343,8.93551,29.8265,40.2207,29.0641,14.2748
2022-05-05,37.3393,41.6314,28.2162,9.86751,29.9751,37.0141,32.3913,20.1421
2022-05-06,37.1104,41.8528,28.1233,9.83077,31.2922,41.1468,25.6846,3.27176
2022-05-09,36.8669,41.7446,28.1484,10.3374,29.3365,32.6284,25.764,14.4543
2022-05-10,36.715,41.8683,28.0556,10.3254,35.2986,41.915,25.1862,4.72097
2022-05-12,36.4494,41.7289,27.7031,10.1194,33.3555,36.9398,21.4503,2.35627
2022-05-13,35.91,41.5334,27.5824,10.3158,30.2121,38.7607,25.2244,10.2825
2022-05-16,35.8663,41.8312,27.3702,10.1082,34.1258,44.0551,22.1511,2.98209
2022-05-17,35.6487,41.9971,27.2413,10.1219,30.7932,41.5472,22.9756,6.53168
2022-05-18,35.279,41.8216,27.3284,10.5296,26.6532,33.9382,26.5295,14.5408
2022-05-19,34.9307,41.6218,27.1943,10.4355,25.8224,33.7531,22.1236,5.33503
2022-05-20,34.771,41.7894,27.0439,10.3976,31.5273,42.0892,21.1313,1.29428
2022-05-23,34.6478,42.1292,26.8092,10.2648,35.1717,47.3553,21.7336,2.6872
2022-05-24,35.0364,42.9112,26.3232,9.64965,43.3152,53.0414,21.2686,3.32654
2022-05-25,35.2139,43.2921,25.9348,9.6215,45.482,53.2575,21.2219,4.62322
2022-05-26,35.0919,43.5936,25.3913,8.98729,40.6793,49.4661,21.2469,4.50521
2022-05-27,34.3738,43.1957,25.0768,9.05573,33.817,43.8822,22.5241,6.87247
2022-05-31,34.2893,42.9066,24.7021,8.8204,38.1393,45.4551,22.8057,2.52577
2022-06-01,34.6467,43.1982,24.2829,8.18757,39.9941,44.6351,22.2573,2.03404
2022-06-02,34.7175,43.0081,23.9932,8.1979,35.4216,41.1868,21.9339,5.29602
2022-06-03,34.7007,42.4994,23.72,8.06952,34.6426,37.878,21.5274,3.19021
2022-06-06,35.0494,42.5087,23.2934,7.47554,37.4899,40.7363,20.4016,2.29243
2022-06-07,35.4547,42.7114,22.6499,6.1051,38.6748,41.7234,20.6024,3.34014
2022-06-08,35.7805,42.639,22.3827,6.05707,38.4794,39.8363,19.984,1.59424
2022-06-09,35.9465,42.6893,22.1384,5.4281,33.7255,34.8502,20.7213,6.9196
2022-06-10,35.604,42.0829,21.8571,5.57533,27.5002,26.9462,19.1899,7.47052
2022-06-13,35.3544,41.9127,21.9541,6.52411,25.5069,30.8521,23.7329,16.9477
2022-06-14,35.2915,41.4935,21.7568,6.29745,27.8671,25.8881,21.2748,6.70576
2022-06-15,35.033,40.8113,21.6951,6.50352,27.3851,25.6938,20.7255,8.31022
2022-06-16,34.84,40.2391,21.5557,6.65466,24.8966,25.2738,19.7107,9.45596
2022-06-21,34.7043,39.9523,21.3171,6.31205,23.4651,26.138,21.183,9.69789
2022-06-22,34.8167,39.9385,21.1744,6.22962,29.5447,33.8401,18.8304,2.56945
2022-06-23,34.9118,39.933,21.083,6.22637,34.0187,41.7723,19.0789,2.10283
2022-06-27,34.5224,39.5029,20.9851,6.38323,26.457,38.0738,19.6455,7.2135
2022-06-28,33.7349,38.6124,20.9013,6.39953,27.6854,36.9316,19.5227,4.04408
2022-06-29,32.9847,37.9402,20.7764,6.32814,32.7834,42.6607,18.5967,1.68213
2022-06-30,32.8318,37.676,20.6644,6.29408,38.4123,45.6709,18.9295,3.27816
2022-07-01,33.0488,37.2972,20.5187,6.21887,37.8829,37.0756,19.7426,5.34458
2022-07-05,33.275,36.9625,20.3388,6.22348,42.1411,39.8056,19.3293,2.50457
2022-07-06,33.5455,36.7395,20.1903,6.24105,44.909,41.0422,19.3082,2.54697
2022-07-07,33.8936,36.6053,20.0851,6.19746,41.9541,38.8465,19.8964,3.98594
2022-07-08,34.3253,36.6496,19.9775,6.21253,42.8437,38.9393,19.4718,3.24342
2022-07-11,34.77,36.6632,20.0206,6.2947,46.8724,41.9311,21.4864,4.69428
2022-07-12,35.2033,36.6186,20.0152,6.296,47.9321,41.7606,20.5933,2.3676
2022-07-13,35.6561,36.6392,20.0009,6.33911,48.5501,41.1851,19.6108,2.33449
2022-07-14,36.4303,36.9477,19.9204,6.1866,49.5652,41.634,18.9393,1.86653
2022-07-15,36.9076,37.296,19.9551,6.18774,38.0278,34.443,19.8523,7.7542
2022-07-18,37.5662,37.5852,19.8056,5.21774,42.7031,38.2759,20.595,5.0969
2022-07-19,37.6858,37.8572,19.7154,5.10161,30.5305,33.0405,19.3083,4.23314
2022-07-20,37.8895,38.1601,19.6071,4.82049,32.4792,33.683,18.2653,2.74115
2022-07-21,38.1526,38.4142,19.5275,4.4787,32.306,32.3996,17.7676,4.31048
2022-07-22,38.5049,38.6467,19.376,3.98952,32.9725,31.9467,17.8611,2.33715
2022-07-25,38.9802,38.8461,19.3832,3.98266,40.3426,38.2054,18.9728,2.28958
2022-07-26,39.3878,38.7392,19.4509,4.08179,42.5396,39.8207,20.4695,4.53614
2022-07-27,39.5697,38.4854,19.4108,4.06694,29.4096,32.1586,18.8333,7.42096
2022-07-28,39.6986,38.2558,19.3532,4.09415,29.0586,31.0901,18.2803,4.59018
2022-07-29,39.5482,37.5984,19.3227,4.17452,27.5218,29.0557,17.8178,3.80994
2022-08-01,39.3447,36.9711,19.4559,4.26561,33.7327,34.9269,21.4812,5.05286
2022-08-02,39.407,37.0502,19.5576,4.1844,38.9812,38.6726,21.7401,3.99862
2022-08-03,38.9331,36.688,19.5345,4.47008,32.2893,32.6204,18.8093,7.45747
2022-08-04,38.4225,36.3562,19.5459,4.46003,35.397,34.9122,19.5237,1.83319
2022-08-05,38.1269,36.1425,19.4909,4.43018,36.3516,34.7515,18.7767,3.13496
2022-08-08,37.9182,36.0133,19.5086,4.40221,39.3469,36.6842,19.8421,2.03509
2022-08-09,37.5893,35.7683,19.4139,4.29671,40.7946,37.1726,19.5695,1.63608
2022-08-10,36.7103,35.2377,19.3006,4.57718,29.3416,30.2479,18.0963,7.78145
2022-08-11,35.9225,34.8366,19.3044,4.56516,32.569,32.5638,19.6843,1.85629
2022-08-12,34.8322,34.2333,19.2584,4.64106,27.2957,28.4447,17.8738,4.35905
2022-08-15,34.5271,34.1022,19.262,4.35494,30.9183,31.0777,20.0295,1.4428
2022-08-16,34.0638,33.8254,19.2421,4.24568,33.1752,32.0662,20.2845,1.76761
2022-08-17,34.2637,33.8379,19.3271,4.20123,35.2189,33.2601,21.296,2.94931
2022-08-18,34.3608,33.7661,19.3825,4.2147,34.6396,31.8673,19.496,2.97844
2022-08-19,34.4734,33.7906,19.5541,4.19717,34.8246,32.8344,21.6544,3.88993
2022-08-22,34.5451,33.9521,19.8828,4.61178,34.5222,35.466,24.6008,9.29712
2022-08-23,34.4591,33.9752,19.9907,4.60244,39.1203,38.8087,21.0744,1.655
2022-08-24,34.2529,33.8595,20.0055,4.58456,39.3944,38.0401,20.7836,4.14867
2022-08-25,34.5161,33.9706,20.0739,4.41123,34.8128,34.3478,20.182,5.06691
2022-08-26,34.4213,34.0326,20.4486,5.08242,26.6336,32.38,25.2327,12.1835
2022-08-29,34.5177,34.3014,20.5904,5.02666,29.4739,34.5934,20.7157,1.61487
2022-08-30,34.4369,34.2902,20.5247,4.91398,32.0009,34.7402,20.2384,1.79879
2022-08-31,34.1961,34.1068,20.4255,4.84865,34.705,35.51,19.8283,1.5502
2022-09-01,34.3338,34.2618,20.4346,4.58379,35.0091,35.6354,18.9901,2.67778
2022-09-02,34.4121,34.3444,20.3932,4.61091,36.894,36.4986,18.6248,2.81106
2022-09-06,34.6856,34.6148,20.3882,4.60024,41.4657,39.9432,18.5864,2.697
2022-09-07,34.3755,34.4836,20.3276,4.79977,33.4195,34.1038,18.5479,6.47399
2022-09-08,34.0145,34.3188,20.2433,4.85332,34.2058,33.9666,17.6247,3.55129
2022-09-09,34.1389,34.4455,20.216,4.59117,32.3546,33.2182,17.6224,3.04364
2022-09-12,34.3231,34.6534,20.1908,4.59356,36.5781,37.0904,19.0502,1.62053
2022-09-13,34.2373,34.6885,20.3954,5.09602,24.0711,28.8788,22.3598,11.3402
2022-09-14,33.919,34.7187,20.3191,5.11605,21.7441,31.9931,18.201,2.78316
2022-09-15,33.5607,34.7038,20.2051,5.10903,23.3522,31.83,17.4638,1.61029
2022-09-16,33.2244,34.6827,20.0071,5.07879,26.7869,32.7776,16.3707,1.39093
2022-09-19,33.2369,34.9825,19.8917,5.04879,34.6738,38.2634,17.0431,2.29944
2022-09-20,33.4836,35.3534,19.7089,5.05969,39.0909,40.3367,17.6491,4.35381
2022-09-21,33.6851,35.5242,19.34,4.71384,38.3516,38.8687,17.0423,3.45865
2022-09-22,33.6713,35.4556,19.0959,4.73439,39.1019,37.6296,15.8813,2.42829
2022-09-23,33.7945,35.5222,18.936,4.8586,41.4539,39.2668,17.571,6.42814
2022-09-26,34.639,36.0996,18.8492,4.97939,48.6818,44.8386,18.4614,7.03381
2022-09-27,36.2901,37.1478,18.4535,4.19276,54.6105,50.3549,18.4518,2.06809
2022-09-28,37.2,37.7379,18.3897,4.45527,46.5745,45.2642,19.4601,6.83676
2022-09-29,37.7421,38.1647,18.299,4.51678,42.8005,42.9977,18.4969,3.81923
2022-09-30,38.1757,38.4904,18.2092,4.51989,43.2714,42.0576,18.0292,1.92941
2022-10-03,38.0367,38.3641,18.213,4.7465,32.0079,32.9482,19.0449,6.95639
2022-10-04,37.4497,37.9812,18.1747,4.82643,23.1895,28.2072,17.8742,4.83977
2022-10-05,36.8583,37.6741,18.1665,4.79081,29.0662,33.684,18.3866,1.59292
2022-10-06,36.8941,37.7585,18.1681,4.64198,34.4864,36.1663,18.5438,3.65973
2022-10-07,36.6033,37.6434,18.1799,4.6421,27.3819,31.5707,17.907,3.64114
2022-10-10,36.7352,37.7696,18.1697,4.73284,35.3368,36.0869,17.4151,5.17809
2022-10-11,36.9941,37.8664,18.0362,4.74037,41.6171,39.1574,16.0937,2.61488
2022-10-12,37.9333,38.417,17.7054,4.13271,46.3464,42.2843,15.1854,1.45796
2022-10-13,38.3557,38.6164,17.5476,4.17559,35.9225,37.5743,14.7101,4.06807
2022-10-14,38.5183,38.6312,17.3918,4.1721,30.7637,33.2768,13.7697,2.03463
2022-10-17,38.5374,38.6351,17.3471,4.19357,27.9234,33.1092,15.222,2.60997
2022-10-18,38.4411,38.495,17.2617,4.21147,31.5229,34.6814,14.788,2.7405
2022-10-19,38.3936,38.3864,17.1642,4.12811,38.0447,38.0222,15.2748,1.60743
2022-10-20,38.487,38.3401,17.07,4.08209,40.5523,37.7962,14.5558,1.50438
2022-10-21,38.3033,38.2791,17.0192,4.05945,34.6873,36.0958,14.4516,0.888976
2022-10-24,38.4124,38.5157,16.8928,3.82077,43.267,43.6027,14.8968,1.51817
2022-10-25,37.933,38.2862,16.7264,3.7149,39.9664,40.4485,14.9889,5.68005
2022-10-26,37.0953,37.6669,16.5645,3.73283,41.5868,39.9409,15.1916,2.59628
2022-10-27,36.858,37.3211,16.3058,3.43193,42.9046,39.2636,14.4265,1.93985
2022-10-28,36.3559,36.8798,16.1195,3.44812,32.79,34.2944,14.7566,4.1286
2022-10-31,35.9438,36.514,15.962,3.43062,35.4404,34.8084,14.8312,1.01244
2022-11-01,36.1818,36.6154,15.6972,3.07098,37.0128,35.1188,13.9168,1.1557
2022-11-02,36.3883,36.7314,15.5179,2.9355,27.9677,30.4144,14.471,2.77657
2022-11-03,36.3966,36.524,15.2088,2.94308,28.6891,28.369,12.1832,1.73965
2022-11-04,36.1848,36.1785,14.8877,2.87559,29.3718,28.0915,12.3887,2.38051
2022-11-07,36.3219,36.0598,14.5903,2.78042,30.8496,28.6875,11.9503,1.52992
2022-11-08,36.404,35.9522,14.3838,2.58762,37.0225,33.8189,13.459,2.38569
2022-11-09,35.9348,35.5833,14.2626,2.61292,32.1425,31.4335,13.7025,3.09662
2022-11-10,35.4744,34.6466,14.2311,3.28619,38.7204,19.1097,14.6049,9.53043
2022-11-11,35.1934,34.0227,14.2468,3.27311,29.3337,22.4087,15.0961,3.92436
2022-11-14,34.98,33.7682,14.4131,3.28104,22.2675,25.681,17.5101,1.95364
2022-11-15,34.8084,33.5624,14.5185,3.25618,21.1037,27.3722,17.5857,1.56509
2022-11-16,34.5198,33.2778,14.6142,3.22394,21.8918,27.2042,16.9801,1.43667
2022-11-17,34.0251,32.8724,14.6444,3.22691,25.0247,28.4959,16.0543,1.46871
2022-11-18,33.4735,32.4835,14.6886,3.25568,27.5843,28.7482,15.6127,2.49948
2022-11-21,33.4053,32.3264,14.7725,3.27599,33.2128,32.7734,16.1152,2.08721
2022-11-22,32.6328,31.4763,14.8037,3.43811,29.8177,29.3176,15.5186,4.87767
2022-11-23,32.1517,30.8658,14.8904,3.27402,31.4223,29.8468,16.7154,3.2941
2022-11-25,31.6852,30.3625,14.9927,3.24238,34.0136,31.5773,17.191,1.45765
2022-11-28,31.1295,29.9341,15.3096,3.52655,34.2424,32.3605,20.05,6.51424
2022-11-29,31.2884,29.8454,15.386,3.43033,35.7605,32.779,16.2797,1.8858
2022-11-30,30.66,29.3819,15.454,3.65275,21.2223,25.5395,16.2239,5.80198
2022-12-01,29.8589,28.9112,15.5828,3.6862,20.7973,26.5708,16.4534,2.41576
2022-12-02,29.6075,28.7153,15.6596,3.69255,22.1076,26.5207,16.016,2.93782
2022-12-05,29.2767,28.5605,15.9409,3.83349,21.0898,25.1521,17.9458,4.87208
2022-12-06,28.9697,28.4324,16.1732,3.95339,22.5264,25.3683,17.3236,4.90642
2022-12-07,28.7982,28.4279,16.3625,3.97491,27.572,28.6038,16.1664,2.35358
2022-12-08,28.3121,28.1236,16.4733,4.00041,28.8428,28.4554,15.8592,3.089
2022-12-09,28.2898,28.0396,16.5897,3.97977,31.685,29.87,16.2591,2.55197
2022-12-12,27.9966,28.6716,16.7079,3.44738,34.3266,34.1012,17.305,2.33505
2022-12-13,28.0388,29.0035,16.7775,3.76091,30.4322,30.1746,16.6137,8.30663
2022-12-14,28.3058,29.1165,16.6997,3.81548,29.318,28.6239,15.6237,3.7224
2022-12-15,28.3177,29.0765,16.6999,4.01775,21.5718,26.3691,17.5814,6.33028
2022-12-19,28.2763,29.0502,16.6327,4.02919,21.7223,26.8624,15.4947,2.41211
2022-12-20,28.2174,29.0659,16.5724,4.03867,24.2944,28.9205,14.8517,2.50433
2022-12-21,27.9968,28.9634,16.5495,4.15046,22.5348,26.5574,15.2574,5.18821
2022-12-22,27.5443,28.7154,16.5491,4.30798,24.3861,28.0163,16.1037,5.59645
2022-12-23,27.3655,28.6812,16.5196,4.2417,26.271,28.6324,14.8584,3.50622
2022-12-27,27.3083,28.7554,16.4222,4.22154,30.2586,31.237,14.6116,2.755
2022-12-28,27.0587,28.6734,16.2621,4.22353,29.4713,29.9448,13.6468,1.64311
2022-12-29,26.5447,28.4083,15.9505,4.05411,24.6713,27.1583,14.0218,3.70519
2022-12-30,26.132,28.2825,15.8576,4.04865,28.96,30.5506,14.2298,1.44528
2023-01-04,26.4354,28.4223,15.7318,3.94588,28.1586,28.6787,13.3354,4.00333
2023-01-05,26.7457,28.4971,15.6032,3.93508,27.6656,28.0647,13.5724,1.64942
2023-01-06,26.5839,28.3109,15.4916,4.10813,17.0383,21.7287,13.5672,6.1279
2023-01-09,26.6102,28.3414,15.2916,4.00201,21.3652,25.6397,14.1322,2.51567
2023-01-10,26.564,28.2878,15.1079,3.99391,20.8652,23.7215,13.6098,4.83983
2023-01-11,26.2804,28.0902,15.011,3.98716,21.0258,24.0604,14.2188,1.75216
2023-01-12,25.8378,27.7532,14.9358,4.26399,18.6503,20.0995,14.3419,7.63808
2023-01-13,25.1887,27.2785,14.8204,4.33298,18.3384,18.6832,13.9956,4.22011
2023-01-17,24.5889,26.7223,14.7668,4.34049,22.0137,21.3757,16.3031,2.49075
2023-01-18,24.1427,26.3606,14.7956,4.08484,20.3202,21.2865,17.307,4.36374
2023-01-19,23.8077,26.0991,14.8214,4.0372,21.7803,21.9044,16.3088,1.92039
2023-01-20,23.643,25.8114,14.7171,3.94753,16.3472,18.1481,15.4544,4.89013
2023-01-23,23.5016,25.5345,14.8016,3.94598,18.205,20.6627,17.0996,2.3172
2023-01-24,23.2492,25.133,14.9023,3.97263,18.5758,20.5727,16.8422,3.1574
2023-01-25,23.0862,24.8336,14.9565,3.84477,18.745,20.0107,16.3221,2.60292
2023-01-26,22.7894,24.4036,14.9708,3.68413,17.9648,19.1225,16.4264,2.77889
2023-01-27,22.4126,23.9293,15.0802,3.63824,18.8506,19.2091,16.9276,2.34638
2023-01-30,21.7839,23.323,15.3233,3.74645,19.208,20.2504,19.1705,4.88588
2023-01-31,21.0864,22.6992,15.4574,3.82919,16.7417,18.2074,16.3556,3.87107
2023-02-01,20.7103,22.2479,15.6158,3.83917,17.024,18.1023,17.2544,3.90666
2023-02-02,20.0186,21.5397,15.7989,3.85083,16.6136,17.7175,17.8188,1.9612
2023-02-03,19.3573,20.926,16.0517,3.78508,16.6202,17.5377,18.284,2.54753
2023-02-06,18.7882,20.4179,16.28,3.82602,17.6981,18.7661,18.2643,3.10616
2023-02-07,18.7581,20.2086,16.4008,3.68972,16.3604,17.3599,16.2324,4.11731
2023-02-08,18.5875,19.86,16.675,3.80896,18.1587,19.4977,19.5651,4.93589
2023-02-09,18.5422,19.7151,16.9086,3.75748,19.9382,20.9968,18.573,3.90833
2023-02-10,18.5862,19.614,17.0263,3.74375,21.5805,22.0621,16.9135,1.40581
2023-02-13,18.6919,19.6941,17.1533,3.43373,20.9398,21.8632,17.2514,3.36251
2023-02-14,18.7332,19.7315,17.2566,3.52352,19.2521,19.4591,16.328,5.74647
2023-02-15,18.6244,19.6366,17.2763,3.53924,19.7404,19.1741,16.7719,2.94992
2023-02-16,18.6035,19.6006,17.3809,3.60125,19.8351,20.4659,19.5836,5.39983
2023-02-17,18.5515,19.5396,17.406,3.59502,20.4942,20.4266,16.998,1.82207
2023-02-21,18.7119,19.758,17.6923,3.92257,20.1765,22.9303,21.6569,8.85018
2023-02-22,18.92,19.9879,17.742,3.94009,22.2197,24.8394,18.1322,2.85013
2023-02-23,19.0309,20.0817,17.7473,4.02892,20.7325,22.3034,16.992,4.93629
2023-02-24,19.1933,20.2544,17.8299,4.0804,21.8433,23.2679,18.0657,3.91477
2023-02-27,19.4072,20.4389,17.8261,4.08905,22.2223,22.8289,16.2809,2.97315
2023-02-28,19.5144,20.5146,17.7471,4.11725,20.9912,20.7684,15.0873,3.14969
2023-03-01,19.7455,20.6219,17.5904,4.0175,23.7283,22.4595,15.8094,2.57498
2023-03-02,19.9691,20.7079,17.504,3.9975,21.4208,20.0313,14.2724,3.41345
2023-03-03,19.9321,20.6758,17.38,4.02028,16.1341,17.3524,14.3245,4.38077
2023-03-06,19.9631,20.6894,17.2254,4.01635,17.1512,17.8353,14.2739,1.52098
2023-03-07,19.9266,20.6837,17.0618,4.0355,15.1044,16.9069,14.8325,2.90391
2023-03-08,19.8363,20.5912,16.828,4.0307,15.1707,16.2788,13.082,2.8678
2023-03-09,19.8605,20.7194,16.9475,4.53173,16.7869,20.1258,18.5943,10.2658
2023-03-10,20.0297,20.9853,16.9213,4.64935,21.9254,25.333,19.5832,7.20167
2023-03-13,20.5602,21.6375,17.0075,4.80095,30.0325,33.0633,20.6701,6.88539
2023-03-14,20.5713,21.8301,17.1608,5.25153,22.0747,26.1584,20.1453,10.042
2023-03-15,21.0961,22.5019,17.4872,5.52885,30.5549,33.936,23.527,8.85065
2023-03-16,21.2101,22.7907,17.6624,5.84299,21.8595,25.8892,20.1024,10.635
2023-03-17,21.7342,23.5411,18.1245,6.29842,29.904,33.9153,25.5203,11.5426
2023-03-20,22.3661,24.3229,18.2608,6.37989,30.5556,33.8938,21.6587,7.09534
2023-03-21,22.5359,24.6359,18.3978,6.68255,24.0262,27.1169,19.7767,9.17291
2023-03-22,22.6447,24.7841,18.3849,6.44595,22.6646,26.0353,21.1367,3.73102
2023-03-23,22.8752,25.0464,18.5272,6.43099,26.4249,29.5102,20.7647,2.39324
2023-03-24,23.2319,25.4247,18.6759,6.37145,27.4611,29.5535,19.934,2.98973
2023-03-27,23.4727,25.6368,18.7149,6.39481,26.4782,27.5007,18.8446,4.56119
2023-03-28,23.6699,25.7907,18.7897,6.39098,26.1079,26.1192,17.9634,2.87957
2023-03-29,23.6762,25.8562,18.8701,6.43733,21.1827,22.4132,17.0217,4.71417
2023-03-30,23.6135,25.8674,18.9572,6.42476,22.4408,22.8768,17.9042,2.22278
2023-03-31,23.5591,25.924,19.1162,6.41197,20.2901,21.6074,18.0821,3.06013
2023-04-03,23.6873,26.0672,19.2429,6.37402,19.925,21.6691,17.6289,3.26762
2023-04-04,23.8896,26.2657,19.4886,6.39226,22.3896,23.339,20.107,2.94741
2023-04-05,24.1808,26.4748,19.648,6.36319,23.0548,23.2247,18.8671,2.21111
2023-04-06,24.4442,26.6584,19.812,6.36024,22.5664,22.1907,17.7593,3.22281
2023-04-10,24.7431,26.7783,19.8161,5.9696,24.2562,23.1803,18.6755,2.15807
2023-04-11,24.8366,26.6644,19.7492,5.79156,24.508,22.9309,18.1419,2.215
2023-04-12,24.5818,26.1888,19.6478,5.62646,24.4122,22.5572,18.3767,2.38492
2023-04-13,24.4505,25.9128,19.4987,5.35032,19.0993,19.4206,16.6891,5.21099
2023-04-14,23.9472,25.2453,19.2186,5.07485,19.1147,18.8204,17.2769,3.23521
2023-04-17,23.862,24.9892,19.1203,4.65006,19.2749,18.6928,17.6418,3.67932
2023-04-18,23.4062,24.3076,18.7603,4.04548,19.4049,18.5344,18.0657,2.82876
2023-04-19,22.8711,23.533,18.616,3.78207,20.4525,19.3225,19.0854,2.8026
2023-04-20,22.8057,23.2534,18.6817,3.28063,22.7664,21.4973,21.5303,3.96934
2023-04-21,22.7705,22.9919,18.5851,3.25418,21.7701,20.3884,19.5024,3.22772
2023-04-24,22.6656,22.6123,18.6552,3.27243,24.6379,23.0504,22.0438,2.82826
2023-04-25,22.5481,22.4114,19.0432,3.79197,25.4994,26.3759,26.392,9.15162
2023-04-26,22.4527,22.2701,19.1649,3.72052,24.8076,25.0992,21.2191,3.14469
2023-04-27,22.1924,22.0507,19.2833,4.05406,21.0881,22.0163,20.3958,7.86136
2023-04-28,22.1687,21.9807,19.4375,4.06917,20.608,20.9516,20.2484,5.00608
2023-05-01,22.0362,21.8527,19.5578,4.08661,19.6363,20.2584,20.3711,2.78677
2023-05-02,22.0616,21.8678,19.8409,4.25175,20.8116,21.9036,23.3847,6.04208
2023-05-03,22.1801,21.9618,20.086,4.28962,22.3908,23.4701,22.4633,4.13977
2023-05-04,22.316,22.1062,20.2434,4.39945,24.8908,25.8334,22.9938,5.26583
2023-05-05,22.1921,22.008,20.3171,4.94196,20.5965,21.3599,20.3081,10.2101
2023-05-08,22.0982,21.9832,20.4632,4.94206,20.615,21.6949,20.7284,3.02956
2023-05-09,21.9799,21.9751,20.6327,4.97289,21.9248,23.0482,22.2353,3.25529
2023-05-10,21.8006,21.9056,20.7212,5.0496,20.9515,21.5185,20.1044,4.54766
2023-05-11,21.6516,21.8622,20.8367,5.07558,21.532,21.6652,20.8719,3.11105
2023-05-12,21.7593,21.9433,21.005,4.98181,21.4473,21.1892,20.5434,2.7317
2023-05-15,21.9043,22.0785,21.1737,5.00195,22.4005,21.8729,21.1755,3.61743
2023-05-16,22.0786,22.2394,21.3891,5.00359,23.5717,22.7915,23.0479,3.68041
2023-05-17,22.1124,22.3093,21.4613,5.1298,20.2042,20.3131,19.895,6.17849
2023-05-18,22.0642,22.3087,21.4791,5.19822,18.9929,19.079,19.4025,4.90224
2023-05-19,21.9404,22.2385,21.4724,5.17325,19.6981,19.6646,21.3701,3.06728
2023-05-22,21.9953,22.3335,21.6722,5.16435,22.8915,22.6302,23.7951,3.26981
2023-05-23,21.904,22.3346,21.8079,5.21744,23.0134,23.0928,24.614,4.31111
2023-05-24,21.8645,22.2391,21.7292,4.9136,24.8492,24.7461,25.1036,4.73548
2023-05-25,21.7783,22.1477,21.7915,4.99024,23.2185,23.4063,22.448,5.0062
2023-05-26,21.7894,22.1354,21.8532,4.83208,21.3234,21.7666,21.6921,5.50505
2023-05-30,21.7734,22.1173,21.9105,4.74733,20.3032,20.6053,21.4893,2.97977
2023-05-31,21.7944,22.116,21.9539,4.74714,20.0857,20.2208,21.274,2.76826
2023-06-01,21.7057,21.9767,21.7358,4.77824,18.7351,18.7797,18.8336,6.59483
2023-06-02,21.5428,21.7044,21.5023,4.82869,19.0803,17.8715,17.543,5.15095
2023-06-05,21.1985,21.2876,21.2885,4.71409,18.2158,17.8123,18.6605,2.44374
2023-06-06,21.0493,21.1002,21.1138,4.2399,17.3376,17.3478,16.3375,4.73588
2023-06-07,20.8842,20.9012,20.944,4.22791,17.0149,17.4871,17.0274,2.72906
2023-06-08,20.6633,20.6515,20.6789,4.23092,17.1251,17.8362,16.4013,3.36187
2023-06-09,20.4574,20.4565,20.5374,4.1381,16.4069,17.3735,16.9642,2.25203
2023-06-12,20.2931,20.3066,20.4396,4.11372,17.6034,18.1623,18.5118,2.10753
2023-06-13,20.1186,20.1712,20.3347,4.11366,17.4185,18.0866,18.0021,2.51259
2023-06-14,19.8984,20.0209,20.1783,4.08905,17.1082,18.3013,17.281,2.89973
2023-06-15,19.6296,19.7913,19.9222,4.04059,17.4222,17.4338,17.0226,2.19803
2023-06-16,19.5399,19.7273,19.8106,3.87646,18.0295,18.7786,17.07,2.66893
2023-06-20,19.4871,19.7068,19.818,3.8012,18.0896,18.8435,19.646,3.30526
2023-06-21,19.4448,19.7205,19.6808,3.80707,18.8221,19.9385,18.3822,3.36572
2023-06-22,19.2425,19.6093,19.3847,3.83346,19.0317,20.5091,18.1136,3.85506
2023-06-23,19.0399,19.4717,19.0878,3.76332,19.2098,20.4832,19.2241,2.82574
2023-06-26,18.6955,19.2098,18.734,3.6588,18.6859,20.0423,18.8097,2.59022
2023-06-27,18.5039,19.0352,18.4315,3.6398,19.8381,20.2842,16.7091,4.68617
2023-06-28,18.4473,19.0149,18.1877,3.53728,20.3645,21.494,16.8792,3.90865
2023-06-29,18.3665,18.9866,17.9633,3.52472,18.7479,20.0533,17.2371,2.67301
2023-06-30,18.3922,18.9902,17.7113,3.54823,20.4512,20.2234,16.4813,3.3368
2023-07-03,18.412,19.0426,17.6554,3.29242,19.1331,19.8615,17.6839,2.53481
2023-07-05,18.3065,19.0427,17.6553,3.12995,16.9817,17.9343,17.5479,2.38933
2023-07-06,18.2687,19.045,17.6843,3.20811,17.4722,17.9542,19.1143,3.98204
2023-07-07,18.2842,19.0965,17.7645,3.09048,17.6539,18.4506,18.0295,2.69669
2023-07-10,18.2898,19.1247,17.7913,3.07776,17.0918,18.0666,17.5813,2.39029
2023-07-11,18.2508,19.1035,17.7803,3.06336,16.3484,17.4567,16.2457,3.0722
2023-07-12,18.3304,19.2071,17.7419,3.23833,18.144,19.6408,15.952,5.4394
2023-07-13,18.3386,19.2423,17.6192,3.25626,17.8878,19.0743,15.7463,2.78524
2023-07-14,18.3557,19.3037,17.5468,3.25475,17.9117,19.5687,16.3734,2.57545
2023-07-17,18.3585,19.3328,17.5293,3.23333,17.2456,19.0633,16.8723,2.2897
2023-07-18,18.34,19.3823,17.4763,3.24801,16.9744,18.7122,15.6951,2.67595
2023-07-19,18.2712,19.3559,17.461,3.2374,16.3208,18.1625,16.7196,2.38549
2023-07-20,18.2383,19.3627,17.3182,3.20609,17.2292,18.8879,16.9107,2.48689
2023-07-21,18.1317,19.2967,17.1786,3.19895,16.3982,18.5121,15.2871,3.2325
2023-07-24,18.112,19.3164,17.1778,3.14307,18.645,20.8841,18.0976,2.76109
2023-07-25,18.059,19.311,17.141,3.12871,18.2089,20.4197,18.6166,2.46809
2023-07-26,18.0378,19.3597,17.0667,3.18452,18.2793,21.0026,17.4233,3.71931
2023-07-27,17.9695,19.3591,17.2706,3.15807,18.5955,20.2883,20.4503,4.33824
2023-07-28,17.9021,19.3127,17.2557,3.20269,18.9565,20.476,16.6078,4.52508
2023-07-31,17.8638,19.3041,17.2697,3.19404,17.9972,19.902,17.5255,2.43079
2023-08-01,17.6562,19.2138,17.318,3.14656,16.6104,18.4962,17.4336,2.32387
2023-08-02,17.6273,19.1406,17.5316,3.43823,18.4836,18.3906,21.3266,6.60933
2023-08-03,17.7286,19.2012,17.6668,3.47441,18.9111,19.1447,19.9996,3.24608
2023-08-04,17.7803,19.2381,17.7132,3.41847,18.4738,18.6999,19.9583,2.88598
2023-08-07,17.8145,19.2494,17.6979,3.56963,18.3451,18.7078,17.7123,5.37863
2023-08-08,17.8343,19.2389,17.767,3.56702,17.5507,17.94,18.9104,2.42664
2023-08-09,17.909,19.2778,17.9054,3.5375,17.9081,18.2461,19.1033,2.20787
2023-08-10,17.8909,19.2125,18.007,3.38615,17.7405,18.1804,18.3525,2.45232
2023-08-11,17.8652,19.1661,18.0978,3.40269,17.3065,17.9941,17.7762,3.16466
2023-08-14,17.8457,19.1172,18.1578,3.42688,17.4436,18.4407,17.6612,3.14689
2023-08-15,17.8833,19.0864,18.325,3.55754,18.1373,18.3081,20.7201,5.18532
2023-08-16,17.9161,19.0518,18.4723,3.56289,17.7515,17.8398,19.3123,2.80995
2023-08-17,18.0151,19.074,18.6195,3.60994,18.6932,18.6759,20.1945,3.67385
2023-08-18,18.0443,19.0276,18.6624,3.61778,17.9427,17.7724,18.0152,2.76687
2023-08-21,18.1355,19.016,18.8094,3.63811,18.4896,18.3603,18.9359,3.70482
2023-08-22,18.1396,18.889,18.8809,3.60547,18.7067,18.3867,19.5423,1.76491
2023-08-23,18.1431,18.7874,18.8802,3.71205,18.2797,18.402,18.6026,4.69721
2023-08-24,18.1687,18.658,19.0613,3.73775,18.7755,18.4708,21.0388,4.20178
2023-08-25,18.1432,18.5263,18.906,3.81336,18.088,17.7038,17.3275,5.48787
2023-08-28,18.0895,18.3879,18.9447,3.75979,17.8926,17.7821,17.4051,3.50516
2023-08-29,18.2236,18.3233,18.9001,3.86192,20.5859,18.6054,16.5441,4.69529
2023-08-30,18.3808,18.3352,18.848,3.91459,19.7157,18.7414,16.1628,3.62114
2023-08-31,18.3864,18.3453,18.5746,3.67081,18.6013,18.5979,15.9096,2.79057
2023-09-01,18.3117,18.3079,18.3468,3.65561,17.4452,18.4412,15.3789,2.88644
2023-09-05,18.2093,18.2505,18.1715,3.63644,16.3535,17.5609,16.5024,2.35044
2023-09-06,18.1059,18.1775,18.1303,3.47985,16.1766,17.224,16.8607,2.53149
2023-09-07,18.025,18.1353,17.9941,3.46269,15.7151,17.0256,16.0664,1.76345
2023-09-08,17.9415,18.115,17.8359,3.49176,15.9584,17.8059,15.5875,2.98626
2023-09-11,17.8824,18.1231,17.7115,3.50703,16.2715,18.3723,15.3491,2.81951
2023-09-12,17.8399,18.1291,17.6523,3.4731,16.1866,18.1274,16.3277,2.05651
2023-09-13,17.7912,18.1403,17.5581,3.47667,16.1833,18.7115,15.2124,3.23516
2023-09-14,17.7683,18.2192,17.2925,3.4264,17.5938,20.1168,14.4266,4.33618
2023-09-15,17.8187,18.2851,17.1807,3.45891,18.9188,19.3779,16.7803,3.63392
2023-09-18,17.7976,18.3173,17.0469,3.39522,18.146,19.2447,17.2528,2.10722
2023-09-19,17.7653,18.3627,16.9829,3.36057,17.2565,18.7718,16.6051,1.82626
2023-09-20,17.6942,18.3417,16.9014,3.32913,17.0901,17.9308,17.4918,3.09581
2023-09-21,17.7067,18.3112,16.9106,3.64147,18.9736,17.7614,19.7786,6.8612
2023-09-22,17.6551,18.2417,16.8373,3.5141,17.2455,16.9689,17.1889,1.9277
2023-09-25,17.5574,18.1671,16.6215,3.41068,16.851,16.9293,17.3244,1.8229
2023-09-26,17.529,18.1694,16.8495,3.67726,17.5379,17.7431,21.2807,8.25114
2023-09-27,17.4797,18.1345,16.8316,3.66101,16.8909,17.0735,17.0377,3.15546
2023-09-28,17.2578,18.0282,16.824,3.64569,16.3742,16.4294,16.4019,4.42167
2023-09-29,17.072,17.9007,16.8515,3.57834,16.1656,16.1393,16.7305,1.87734
2023-10-02,16.9687,17.7819,16.882,3.54854,16.59,16.1829,16.5617,1.94861
2023-10-03,17.0073,17.7925,17.1322,3.93752,18.1907,18.6584,20.1331,8.14703
2023-10-04,17.003,17.7428,17.103,4.07609,16.2811,16.5658,15.9219,5.21969
2023-10-05,17.0382,17.7204,17.0716,4.05189,16.9036,16.7839,16.2365,1.68473
2023-10-06,17.037,17.6705,17.0543,4.12499,15.7165,15.9543,15.7107,3.93513
2023-10-09,17.0139,17.5708,17.0611,4.08102,15.6161,15.7531,15.9221,1.71147
2023-10-10,16.9536,17.4217,17.0384,4.11097,15.1096,15.1367,15.1564,3.78204
2023-10-11,16.8924,17.2831,16.9837,4.14371,14.9683,15.035,15.2525,3.45109
2023-10-12,16.8491,17.1369,17.0185,4.10278,15.3293,15.3293,16.3137,2.1143
2023-10-13,16.9547,17.0787,17.3109,4.32888,19.4103,18.4694,20.713,7.55826
2023-10-16,16.893,16.9961,17.3357,4.5113,17.4412,17.4238,17.413,7.26213
2023-10-17,16.8752,16.9057,17.3877,4.52762,17.9118,17.5405,18.4618,2.40879
2023-10-18,16.9854,16.954,17.6468,4.74237,19.8012,20.0916,22.2608,7.04976
2023-10-19,17.2314,17.1688,17.8596,4.83938,22.351,22.5322,22.1512,5.489
2023-10-20,17.2877,17.3211,17.8462,4.65076,20.4863,21.1898,19.821,2.70232
2023-10-23,17.5502,17.6036,17.9544,4.68771,22.0188,22.137,19.3579,3.26963
2023-10-24,17.6693,17.7184,17.9696,4.83505,19.1981,19.1941,17.6571,5.6559
2023-10-25,17.7921,17.8847,17.9478,4.68862,19.9133,20.8735,20.8911,6.2807
2023-10-26,17.9311,18.0709,18.0316,4.68039,19.6692,20.7007,18.7601,2.88661
2023-10-27,18.1285,18.2902,18.0623,4.60072,20.2814,20.7451,17.069,2.16493
2023-10-30,18.1885,18.396,18.0422,4.7546,17.4813,18.403,16.3175,5.69011
2023-10-31,18.1577,18.3963,18.0045,4.95896,15.9246,16.2118,15.7421,6.5841
2023-11-01,18.023,18.239,17.7658,4.75261,15.2005,15.1677,15.1861,5.04487
2023-11-02,18.1519,18.1659,17.7023,4.78109,18.8822,14.9791,14.5411,5.69059
2023-11-03,18.2983,18.1455,17.6726,4.85367,19.8496,16.2652,15.4947,4.05843
2023-11-06,18.3721,18.1211,17.6305,4.81667,17.4314,15.457,14.7943,2.92187
2023-11-07,18.3797,18.0893,17.5805,4.82763,15.7547,14.9733,14.7528,2.18572
2023-11-08,18.3663,18.0742,17.5261,4.79009,14.7998,14.7881,13.8611,2.67855
2023-11-09,18.3812,18.091,17.5838,4.78584,15.0577,15.2042,16.4616,3.18015
2023-11-10,18.5216,18.1257,17.463,4.90041,18.5168,16.2247,13.4942,5.2395
2023-11-13,18.4241,18.0392,17.2095,4.63025,17.255,16.3963,15.6696,1.63404
2023-11-14,18.7653,18.084,17.1131,4.4638,25.1014,18.5278,14.7653,4.1011
2023-11-15,18.9338,18.0901,16.9509,4.45911,21.5916,17.6952,14.6259,2.27859
2023-11-16,18.971,18.023,16.6046,4.26781,20.6834,18.5988,14.6409,3.05074
2023-11-17,18.7733,17.7848,16.2151,4.14558,17.9364,17.4092,13.6893,2.45809
2023-11-20,18.7499,17.7341,16.0373,4.13403,19.7731,19.7718,15.9211,2.61832
2023-11-21,18.5351,17.5563,15.809,4.0923,17.9521,18.9418,15.079,2.09442
2023-11-22,18.4588,17.5691,15.6753,3.92972,17.6987,19.3638,15.1124,2.50962
2023-11-24,18.3387,17.5193,15.3167,3.72508,17.5379,19.8942,14.5081,2.78047
2023-11-27,18.1811,17.4321,15.1254,3.69142,16.426,19.0996,15.2413,1.84115
2023-11-28,17.9855,17.3461,15.0236,3.69284,16.2856,19.3454,15.1522,2.08994
2023-11-29,17.8874,17.3297,14.9776,3.49557,15.1727,18.141,15.4873,1.92647
2023-11-30,17.8412,17.4102,14.9105,3.21255,14.8826,17.8339,14.4303,2.41704
2023-12-01,17.842,17.551,14.902,3.04313,15.1044,18.2091,15.0183,1.89088
2023-12-04,17.6211,17.6416,14.9274,2.79292,14.2713,16.882,15.0367,2.06275
2023-12-05,17.3332,17.6465,14.8621,2.6759,13.8371,16.4185,14.1724,1.865
2023-12-06,17.1991,17.7137,14.8734,2.62625,14.3117,16.858,15.0321,1.73204
2023-12-07,17.1347,17.785,14.8315,2.62818,14.1797,16.5133,13.855,2.21444
2023-12-08,17.1078,17.8791,14.7984,2.65531,14.0413,16.8274,13.0756,3.18001
2023-12-11,17.1076,17.9939,14.6916,2.60981,14.8496,17.9005,14.1872,2.17482
2023-12-12,16.9963,18.1602,14.7151,2.45947,16.1584,19.9571,13.7782,3.75418
2023-12-13,17.0722,18.3014,14.6094,2.50451,18.9149,19.7375,13.1487,2.81533
2023-12-14,16.7757,18.4097,14.5605,2.40838,18.9733,20.7646,13.6187,2.19851
2023-12-15,16.5583,18.4955,14.5744,2.40984,17.3752,19.6019,14.9328,2.31457
2023-12-18,16.3413,18.4757,14.5839,2.36126,15.9339,18.143,14.8447,1.94924
2023-12-19,16.2234,18.4857,14.6203,2.33986,15.401,17.7262,14.5497,1.97815
2023-12-20,16.1659,18.3986,14.683,2.48356,18.7651,18.0163,17.0626,4.59488
2023-12-21,16.2533,18.3577,14.6453,2.5591,19.6515,18.1479,14.3326,3.48389
2023-12-22,16.2548,18.2651,14.6073,2.57244,17.8369,17.5695,14.3795,2.77082
2023-12-26,16.2764,18.1946,14.6994,2.56085,17.8345,18.5942,16.1178,2.56703
2023-12-27,16.3686,18.2417,14.6518,2.75595,18.1184,19.937,14.3113,4.86079
2023-12-28,16.4125,18.2509,14.6682,2.75309,17.1107,19.3986,15.3993,2.09861
2023-12-29,16.5006,18.3358,14.6689,2.76921,16.9985,19.6966,15.4151,2.40787
