date,sigma_garch,sigma_lstm,sigma_iv_atm,realised_21d_forward
2020-01-10,0.117815,0.120626,0.104618,0.130424
2020-01-13,0.118356,0.116224,0.10552,0.130134
2020-01-14,0.115846,0.116146,0.102725,0.130132
2020-01-15,0.113863,0.113295,0.103747,0.13006
2020-01-16,0.117466,0.108837,0.101417,0.127248
2020-01-17,0.11505,0.105741,0.0979969,0.127665
2020-01-21,0.112065,0.10641,0.09578,0.128119
2020-01-22,0.109864,0.105413,0.106008,0.133158
2020-01-23,0.107379,0.10372,0.106828,0.177865
2020-01-24,0.117488,0.117263,0.106485,0.204902
2020-01-27,0.144835,0.148314,0.126567,0.197707
2020-01-28,0.143708,0.137114,0.15677,0.250931
2020-01-29,0.133874,0.135522,0.141889,0.252079
2020-01-30,0.125921,0.129344,0.142798,0.29513
2020-01-31,0.159831,0.161559,0.133773,0.305392
2020-02-07,0.137596,0.122852,0.12041,0.481195
2020-02-10,0.134495,0.117681,0.127185,0.510994
2020-02-11,0.128187,0.114737,0.124195,0.617358
2020-02-12,0.126214,0.110807,0.123756,0.689672
2020-02-13,0.121909,0.110838,0.111434,0.820069
2020-02-14,0.117857,0.108615,0.116101,0.844723
2020-02-18,0.114797,0.109414,0.111163,0.861951
2020-02-19,0.113774,0.107034,0.118239,0.861812
2020-02-20,0.113298,0.112628,0.1138,0.8756
2020-02-21,0.125212,0.132797,0.122581,0.881009
2020-02-24,0.224392,0.18758,0.144885,0.92725
2020-02-25,0.263798,0.205165,0.220587,0.921969
2020-02-26,0.236256,0.198561,0.25685,0.944926
2020-02-27,0.336114,0.231127,0.249337,0.93872
2020-02-28,0.300293,0.217515,0.367801,0.945417
2020-03-06,0.312722,0.196988,0.333737,0.95522
2020-03-09,0.492837,0.21259,0.354795,0.914349
2020-03-10,0.494314,0.191454,0.476462,0.906028
2020-03-11,0.499305,0.212899,0.413522,0.890626
2020-03-12,0.678698,0.210098,0.484539,0.821217
2020-03-13,0.748001,0.184434,0.682136,0.768278
2020-03-16,0.953247,0.196087,0.509462,0.631816
2020-03-17,0.883297,0.177189,0.778153,0.598726
2020-03-18,0.804282,0.205229,0.690174,0.580878
2020-03-19,0.697502,0.20009,0.716838,0.584234
2020-03-20,0.656768,0.22896,0.662091,0.573418
2020-03-23,0.603904,0.231629,0.596838,0.569261
2020-03-24,0.727763,0.208783,0.582583,0.475945
2020-03-25,0.634672,0.201753,0.573067,0.476728
2020-03-26,0.651463,0.195416,0.627828,0.432161
2020-03-27,0.601598,0.229454,0.556707,0.416726
2020-04-03,0.353073,0.226213,0.447983,0.378662
2020-04-06,0.474337,0.220247,0.424523,0.299345
2020-04-07,0.411796,0.227219,0.379639,0.301949
2020-04-08,0.397141,0.221562,0.396505,0.284594
2020-04-09,0.354105,0.223181,0.377429,0.280097
2020-04-13,0.321069,0.235715,0.362624,0.287017
2020-04-14,0.327844,0.231733,0.371624,0.27418
2020-04-15,0.313549,0.241057,0.331921,0.266363
2020-04-16,0.276151,0.239023,0.362798,0.266065
2020-04-17,0.286493,0.229433,0.356149,0.271143
2020-04-20,0.278388,0.243691,0.32812,0.266262
2020-04-21,0.31018,0.253267,0.375521,0.250212
2020-04-22,0.302051,0.24616,0.414492,0.239287
2020-04-23,0.264642,0.240393,0.367724,0.239421
2020-04-24,0.246695,0.231782,0.35452,0.238422
2020-05-08,0.180357,0.189472,0.287139,0.213645
2020-05-11,0.165777,0.187659,0.248869,0.214463
2020-05-12,0.192782,0.205907,0.237649,0.291168
2020-05-13,0.200736,0.213935,0.275293,0.288121
2020-05-14,0.190828,0.206748,0.306495,0.286979
2020-05-15,0.1742,0.200459,0.282203,0.294015
2020-05-18,0.231896,0.192047,0.270862,0.274742
2020-05-19,0.216683,0.202123,0.2425,0.272913
2020-05-20,0.213237,0.191222,0.259265,0.267721
2020-05-21,0.197489,0.196143,0.236062,0.266779
2020-05-22,0.178089,0.188957,0.247723,0.281548
2020-05-26,0.176155,0.179006,0.239972,0.28074
2020-05-27,0.179893,0.168862,0.232598,0.288696
2020-05-28,0.163481,0.166627,0.223718,0.292947
2020-05-29,0.150975,0.158031,0.236904,0.29682
2020-06-05,0.188221,0.137263,0.216244,0.287467
2020-06-08,0.182833,0.131699,0.199131,0.285017
2020-06-09,0.173808,0.139788,0.211403,0.285967
2020-06-10,0.163036,0.144541,0.227198,0.287181
2020-06-11,0.368777,0.20308,0.227021,0.201572
2020-06-12,0.32956,0.199362,0.337767,0.199302
2020-06-15,0.295606,0.194148,0.299383,0.197257
2020-06-16,0.280473,0.186592,0.290858,0.186322
2020-06-17,0.247701,0.187651,0.285365,0.187928
2020-06-19,0.224259,0.191048,0.280804,0.187226
2020-06-22,0.204199,0.183843,0.271683,0.186832
2020-06-23,0.183462,0.176961,0.261205,0.191078
2020-06-24,0.232933,0.214857,0.255209,0.169759
2020-06-25,0.21566,0.205409,0.299406,0.167585
2020-06-26,0.247629,0.232732,0.263491,0.146721
2020-07-10,0.161257,0.166346,0.243954,0.116497
2020-07-13,0.16106,0.167076,0.2288,0.115335
2020-07-14,0.165904,0.166949,0.263615,0.115884
2020-07-15,0.160848,0.166488,0.239366,0.111733
2020-07-16,0.151596,0.166336,0.228614,0.111107
2020-07-17,0.142353,0.165999,0.223948,0.111117
2020-07-20,0.14078,0.166542,0.209202,0.10766
2020-07-21,0.132653,0.16654,0.194998,0.108476
2020-07-22,0.129621,0.166442,0.203556,0.107241
2020-07-23,0.146835,0.167129,0.192574,0.099112
2020-07-24,0.143556,0.166737,0.211306,0.102969
2020-07-27,0.139379,0.165918,0.210966,0.100456
2020-07-28,0.13814,0.165968,0.19679,0.104164
2020-07-29,0.147932,0.165661,0.207181,0.0951331
2020-07-30,0.139629,0.164916,0.189149,0.0970546
2020-07-31,0.1365,0.164085,0.201247,0.0937628
2020-08-07,0.128014,0.163293,0.183777,0.189117
2020-08-10,0.123952,0.163415,0.181785,0.201169
2020-08-11,0.130531,0.16401,0.179024,0.209039
2020-08-12,0.145272,0.164144,0.199196,0.203682
2020-08-13,0.137883,0.164242,0.17757,0.207985
2020-08-14,0.131052,0.164017,0.178783,0.208817
2020-08-17,0.125098,0.1643,0.176346,0.20917
2020-08-18,0.120291,0.164466,0.171194,0.211034
2020-08-19,0.120818,0.164717,0.1689,0.214336
2020-08-20,0.117104,0.164276,0.174998,0.217577
2020-08-21,0.11426,0.163974,0.170129,0.220129
2020-08-24,0.1238,0.163884,0.164514,0.232542
2020-08-25,0.119371,0.163689,0.162988,0.232475
2020-08-26,0.128036,0.163699,0.160319,0.236389
2020-08-27,0.120584,0.16287,0.169923,0.242885
2020-08-28,0.12007,0.162415,0.175199,0.242475
2020-09-04,0.222233,0.164932,0.25618,0.218892
2020-09-08,0.2597,0.166652,0.235505,0.204777
2020-09-09,0.254397,0.166971,0.254627,0.194784
2020-09-10,0.251872,0.167006,0.237571,0.186691
2020-09-11,0.225003,0.166359,0.248538,0.194958
2020-09-14,0.213753,0.167033,0.227967,0.191485
2020-09-15,0.194334,0.167069,0.215901,0.19197
2020-09-16,0.178554,0.16696,0.211559,0.191409
2020-09-17,0.172078,0.167104,0.213201,0.189199
2020-09-18,0.174557,0.167517,0.215995,0.192896
2020-09-21,0.17583,0.167668,0.215845,0.189564
2020-09-22,0.169862,0.167217,0.235548,0.186372
2020-09-23,0.218437,0.169404,0.225024,0.168
2020-09-24,0.1958,0.167634,0.251958,0.168108
2020-09-25,0.200638,0.167236,0.243882,0.171391
2020-10-09,0.172126,0.162584,0.233378,0.218339
2020-10-12,0.182262,0.163128,0.214897,0.21099
2020-10-13,0.172095,0.16307,0.212666,0.211437
2020-10-14,0.164577,0.162728,0.222562,0.212964
2020-10-15,0.153188,0.162223,0.22554,0.217955
2020-10-16,0.143341,0.161918,0.233435,0.221825
2020-10-19,0.168373,0.163359,0.233431,0.215585
2020-10-20,0.156239,0.163014,0.255096,0.218925
2020-10-21,0.14622,0.162795,0.255588,0.219214
2020-10-22,0.139524,0.162513,0.254056,0.219645
2020-10-23,0.13194,0.162434,0.246818,0.220225
2020-10-26,0.175168,0.164359,0.241389,0.217579
2020-10-27,0.161163,0.163771,0.297891,0.217354
2020-10-28,0.275327,0.167816,0.297496,0.179358
2020-10-29,0.251561,0.165908,0.37439,0.178803
2020-10-30,0.235964,0.166377,0.334021,0.174649
2020-11-06,0.206844,0.163259,0.236201,0.129331
2020-11-09,0.198341,0.163288,0.216435,0.123019
2020-11-10,0.180847,0.162755,0.206244,0.123038
2020-11-11,0.170391,0.162391,0.209715,0.121329
2020-11-12,0.169956,0.162917,0.195472,0.124938
2020-11-13,0.174219,0.163093,0.211512,0.116027
2020-11-16,0.173702,0.16361,0.190722,0.110238
2020-11-17,0.163364,0.164033,0.185439,0.10938
2020-11-18,0.169941,0.164356,0.18652,0.102414
2020-11-19,0.157121,0.163814,0.190762,0.101744
2020-11-20,0.15285,0.163895,0.187488,0.0990486
2020-11-23,0.144421,0.163666,0.192284,0.105944
2020-11-24,0.165652,0.163636,0.182454,0.0907694
2020-11-25,0.152141,0.163959,0.17311,0.0907231
2020-12-04,0.138669,0.160711,0.186551,0.112193
2020-12-07,0.133012,0.16084,0.176826,0.113623
2020-12-08,0.128289,0.160729,0.178462,0.115446
2020-12-09,0.135293,0.161082,0.170492,0.11198
2020-12-10,0.129882,0.160844,0.179309,0.112221
2020-12-11,0.125554,0.160766,0.183998,0.112874
2020-12-14,0.124588,0.161201,0.1912,0.114611
2020-12-15,0.141477,0.161394,0.197611,0.108863
2020-12-16,0.133631,0.161606,0.181479,0.118583
2020-12-17,0.130193,0.161576,0.176145,0.116934
2020-12-18,0.12618,0.161822,0.168113,0.116968
2020-12-21,0.12341,0.16216,0.168741,0.116796
2020-12-22,0.119781,0.161965,0.197793,0.116681
2020-12-23,0.114419,0.161839,0.18979,0.146316
2021-01-08,0.150475,0.16225,0.175666,0.160936
2021-01-11,0.147734,0.162572,0.1707,0.159375
2021-01-12,0.139444,0.161862,0.193018,0.159472
2021-01-13,0.133464,0.161699,0.181876,0.160118
2021-01-14,0.130688,0.161994,0.17376,0.159614
2021-01-15,0.134329,0.162713,0.182714,0.157608
2021-01-19,0.133947,0.161817,0.188191,0.155846
2021-01-20,0.149362,0.161906,0.180793,0.148614
2021-01-21,0.139242,0.161054,0.16551,0.151002
2021-01-22,0.133311,0.161594,0.163357,0.150627
2021-01-25,0.126324,0.161595,0.162863,0.155041
2021-01-26,0.121402,0.161709,0.172714,0.177252
2021-01-27,0.203577,0.166066,0.177668,0.166996
2021-01-28,0.190027,0.164343,0.26023,0.166467
2021-01-29,0.216632,0.167085,0.222331,0.158708
2021-02-05,0.16489,0.163268,0.180663,0.166327
2021-02-08,0.158222,0.163084,0.174775,0.16814
2021-02-09,0.148515,0.1627,0.173989,0.168141
2021-02-10,0.14063,0.162572,0.175358,0.169573
2021-02-11,0.133819,0.162459,0.178501,0.169563
2021-02-12,0.130152,0.162458,0.17195,0.169086
2021-02-16,0.123644,0.162042,0.159742,0.176998
2021-02-17,0.120067,0.161983,0.165437,0.177023
2021-02-18,0.120439,0.162805,0.163319,0.178216
2021-02-19,0.117264,0.162706,0.172323,0.180046
2021-02-22,0.124276,0.163938,0.16686,0.179079
2021-02-23,0.119153,0.162985,0.183067,0.179943
2021-02-24,0.131632,0.162746,0.181162,0.184945
2021-02-25,0.205083,0.166906,0.161506,0.163735
2021-03-05,0.20419,0.165774,0.226637,0.132783
2021-03-08,0.189707,0.164428,0.19718,0.131488
2021-03-09,0.190105,0.164247,0.210089,0.122783
2021-03-10,0.176134,0.163366,0.192634,0.123793
2021-03-11,0.17142,0.163258,0.182039,0.118551
2021-03-12,0.158274,0.162475,0.173331,0.118979
2021-03-15,0.150765,0.162329,0.166015,0.117623
2021-03-16,0.141616,0.162226,0.15709,0.123207
2021-03-17,0.134604,0.162191,0.157277,0.123389
2021-03-18,0.160803,0.164979,0.149288,0.11314
2021-03-19,0.148829,0.163703,0.16762,0.115682
2021-03-22,0.143994,0.163356,0.15904,0.117307
2021-03-23,0.144783,0.164323,0.141705,0.118736
2021-03-24,0.140651,0.164555,0.157771,0.123018
2021-03-25,0.133928,0.163711,0.165645,0.121861
2021-03-26,0.162087,0.163347,0.151283,0.107263
2021-04-09,0.137701,0.162373,0.136661,0.102931
2021-04-12,0.131726,0.16195,0.135136,0.107414
2021-04-13,0.127777,0.161893,0.136562,0.130381
2021-04-14,0.127244,0.162014,0.135652,0.136152
2021-04-15,0.135835,0.163046,0.139005,0.140746
2021-04-16,0.130808,0.162831,0.131483,0.140426
2021-04-19,0.129779,0.162963,0.129915,0.142455
2021-04-20,0.132837,0.163049,0.141054,0.140709
2021-04-21,0.13682,0.16401,0.151877,0.141506
2021-04-22,0.143239,0.163782,0.138188,0.137817
2021-04-23,0.147542,0.164435,0.153127,0.136928
2021-04-26,0.137113,0.162708,0.13581,0.136956
2021-04-27,0.129431,0.161876,0.138329,0.137096
2021-04-28,0.122626,0.161033,0.138664,0.137106
2021-04-29,0.121916,0.16092,0.134152,0.135356
2021-04-30,0.126385,0.161296,0.130407,0.133128
2021-05-07,0.134061,0.162192,0.148214,0.129962
2021-05-10,0.143174,0.16361,0.136845,0.125148
2021-05-11,0.146877,0.163945,0.154019,0.122365
2021-05-12,0.188867,0.166667,0.170603,0.0971478
2021-05-13,0.184077,0.166279,0.213566,0.0882039
2021-05-14,0.187173,0.166957,0.187461,0.0720028
2021-05-17,0.172244,0.165208,0.149337,0.0742481
2021-05-18,0.168162,0.164689,0.160491,0.0679614
2021-05-19,0.156437,0.163665,0.170446,0.0817724
2021-05-20,0.155883,0.164429,0.173436,0.08836
2021-05-21,0.144754,0.162933,0.158764,0.0901087
2021-05-24,0.145795,0.16301,0.155223,0.0834851
2021-05-25,0.137231,0.162298,0.136308,0.0855506
2021-05-26,0.128705,0.161441,0.140368,0.0861001
2021-05-27,0.121398,0.160626,0.129511,0.0864336
2021-05-28,0.115256,0.159974,0.127222,0.0863081
2021-06-04,0.131305,0.162073,0.139162,0.085919
2021-06-07,0.126939,0.1619,0.126966,0.0867485
2021-06-08,0.123506,0.161581,0.124603,0.0915993
2021-06-09,0.12233,0.161522,0.127595,0.0988477
2021-06-10,0.121572,0.16181,0.134537,0.0983361
2021-06-11,0.118932,0.16175,0.118218,0.0988363
2021-06-14,0.11557,0.161894,0.112412,0.0987062
2021-06-15,0.114575,0.161911,0.116877,0.0992181
2021-06-16,0.120028,0.162182,0.121465,0.100654
2021-06-17,0.116508,0.161619,0.129242,0.114428
2021-06-18,0.143065,0.162941,0.12409,0.116555
2021-06-21,0.156755,0.163849,0.155362,0.109555
2021-06-22,0.147103,0.163189,0.125342,0.108331
2021-06-23,0.137018,0.161966,0.113148,0.113742
2021-06-24,0.131815,0.161452,0.112151,0.112286
2021-06-25,0.124546,0.160666,0.10528,0.112807
2021-07-09,0.141646,0.129615,0.141053,0.106356
2021-07-12,0.135649,0.125706,0.120922,0.10597
2021-07-13,0.132461,0.127245,0.120645,0.105748
2021-07-14,0.12816,0.125506,0.130528,0.105839
2021-07-15,0.126685,0.127046,0.123936,0.1055
2021-07-16,0.13207,0.134288,0.129476,0.105072
2021-07-19,0.159661,0.155693,0.140278,0.0974598
2021-07-20,0.170095,0.149165,0.17285,0.0828338
2021-07-21,0.162206,0.141647,0.148182,0.0826606
2021-07-22,0.149887,0.13429,0.130611,0.0875923
2021-07-23,0.150464,0.128047,0.128061,0.0805201
2021-07-26,0.139596,0.121559,0.1195,0.0804402
2021-07-27,0.135402,0.123134,0.12023,0.0814727
2021-07-28,0.127281,0.118973,0.1304,0.0870041
2021-07-29,0.122069,0.114743,0.125119,0.0870822
2021-07-30,0.122611,0.118966,0.116661,0.0851028
2021-08-06,0.129243,0.126497,0.131755,0.0889052
2021-08-10,0.124283,0.121579,0.124125,0.0910286
2021-08-11,0.122382,0.119969,0.124749,0.0936104
2021-08-12,0.120266,0.117298,0.120358,0.098353
2021-08-13,0.11796,0.114778,0.115937,0.114508
2021-08-16,0.115165,0.110414,0.110907,0.11423
2021-08-17,0.122469,0.117028,0.115778,0.116511
2021-08-18,0.138399,0.132635,0.127195,0.117684
2021-08-19,0.130733,0.128464,0.15661,0.117744
2021-08-20,0.131808,0.124683,0.156454,0.114807
2021-08-23,0.133097,0.120276,0.128343,0.131712
2021-08-24,0.126125,0.116193,0.113773,0.131705
2021-08-25,0.120033,0.112455,0.111525,0.138159
2021-08-26,0.122425,0.117606,0.106086,0.141908
2021-08-27,0.126863,0.11426,0.123218,0.144986
2021-09-03,0.124956,0.123015,0.120933,0.151635
2021-09-08,0.124814,0.123918,0.118543,0.15275
2021-09-10,0.142907,0.137815,0.129397,0.146852
2021-09-13,0.134762,0.131145,0.154285,0.147091
2021-09-14,0.133865,0.134784,0.142926,0.156777
2021-09-16,0.13197,0.130099,0.146791,0.15719
2021-09-17,0.139391,0.140689,0.134665,0.154373
2021-09-20,0.17127,0.166907,0.153359,0.145041
2021-09-21,0.156547,0.158779,0.196042,0.145568
2021-09-22,0.154236,0.150649,0.192346,0.141982
2021-09-23,0.158184,0.142483,0.162842,0.135923
2021-09-24,0.144793,0.13398,0.138306,0.136902
2021-10-08,0.145481,0.151425,0.162095,0.0935856
2021-10-11,0.144927,0.152075,0.158586,0.0911042
2021-10-12,0.138666,0.149818,0.167438,0.0951789
2021-10-13,0.13363,0.14796,0.163552,0.0945037
2021-10-14,0.157059,0.14987,0.154413,0.0789323
2021-10-15,0.1516,0.148459,0.13311,0.0745134
2021-10-18,0.142357,0.145409,0.126847,0.0746989
2021-10-19,0.139967,0.143994,0.126504,0.0704622
2021-10-20,0.133732,0.142903,0.119946,0.0702181
2021-10-21,0.12756,0.141496,0.118427,0.0697676
2021-10-22,0.122438,0.140229,0.113135,0.0706235
2021-10-25,0.119352,0.138887,0.117855,0.0687943
2021-10-26,0.115651,0.138118,0.114938,0.0690215
2021-10-27,0.117319,0.138341,0.121682,0.104099
2021-10-28,0.12576,0.137968,0.132201,0.108029
2021-10-29,0.118971,0.136036,0.121073,0.125473
2021-11-05,0.125118,0.143351,0.125344,0.162708
2021-11-08,0.12172,0.141419,0.13009,0.163014
2021-11-09,0.121905,0.141297,0.133278,0.164506
2021-11-10,0.130759,0.143845,0.138665,0.165294
2021-11-11,0.126111,0.141497,0.145963,0.168332
2021-11-12,0.127553,0.140239,0.141458,0.168347
2021-11-15,0.122333,0.137078,0.12928,0.176975
2021-11-16,0.119561,0.135419,0.130818,0.179088
2021-11-17,0.11858,0.13549,0.1286,0.182349
2021-11-18,0.116201,0.134619,0.131357,0.186216
2021-11-19,0.113933,0.134099,0.130601,0.195878
2021-11-22,0.112737,0.133624,0.13214,0.198675
2021-11-23,0.110778,0.133037,0.145914,0.199702
2021-11-24,0.108092,0.132123,0.140316,0.205286
2021-11-26,0.184389,0.143155,0.135899,0.189179
2021-12-10,0.162923,0.157976,0.165135,0.150257
2021-12-13,0.161647,0.159618,0.14445,0.147142
2021-12-14,0.157245,0.159753,0.16135,0.152929
2021-12-15,0.168335,0.160281,0.173262,0.14286
2021-12-16,0.164734,0.161903,0.148809,0.152983
2021-12-17,0.164896,0.164901,0.165497,0.152789
2021-12-20,0.168026,0.168708,0.174728,0.15277
2021-12-21,0.182571,0.168568,0.193217,0.154688
2021-12-22,0.174809,0.165626,0.168839,0.151025
2021-12-23,0.163242,0.161814,0.14554,0.155447
2021-12-27,0.169727,0.161219,0.134482,0.148057
2021-12-28,0.155518,0.156615,0.12311,0.149006
2021-12-29,0.143593,0.151982,0.122328,0.1709
2021-12-30,0.135573,0.149172,0.117373,0.182891
2021-12-31,0.128777,0.146408,0.120816,0.183907
2022-01-07,0.149036,0.156662,0.161418,0.195756
2022-01-10,0.141497,0.153324,0.15655,0.201867
2022-01-11,0.142525,0.152169,0.156691,0.209201
2022-01-12,0.136332,0.150293,0.148028,0.219293
2022-01-13,0.154126,0.155506,0.144432,0.214229
2022-01-14,0.144497,0.151077,0.169018,0.221013
2022-01-18,0.173642,0.159483,0.16003,0.212027
2022-01-19,0.170836,0.161444,0.196596,0.22204
2022-01-20,0.172322,0.164563,0.205761,0.220062
2022-01-21,0.196101,0.175675,0.216494,0.212761
2022-01-24,0.178361,0.167238,0.248324,0.22176
2022-01-25,0.180226,0.170752,0.258864,0.223206
2022-01-26,0.165021,0.163954,0.274552,0.2363
2022-01-27,0.155153,0.16021,0.27493,0.235872
2022-01-28,0.20355,0.164806,0.276353,0.227059
2022-02-04,0.192819,0.173651,0.217983,0.234033
2022-02-07,0.179136,0.170149,0.201215,0.249267
2022-02-08,0.170479,0.167631,0.202397,0.247974
2022-02-09,0.174185,0.167954,0.187924,0.247292
2022-02-10,0.192632,0.177343,0.174065,0.240302
2022-02-11,0.208209,0.189333,0.208187,0.242576
2022-02-14,0.191229,0.186649,0.240954,0.254083
2022-02-15,0.194043,0.187486,0.245015,0.25156
2022-02-16,0.17608,0.179486,0.213205,0.254992
2022-02-17,0.206993,0.194495,0.202133,0.243907
2022-02-18,0.19339,0.193591,0.238508,0.245648
2022-02-22,0.187085,0.194757,0.24538,0.247169
2022-02-23,0.205718,0.205549,0.260721,0.24405
2022-02-24,0.202754,0.204702,0.276428,0.239591
2022-02-25,0.226705,0.208997,0.257327,0.227859
2022-03-03,0.187111,0.193878,0.247444,0.22288
2022-03-04,0.17843,0.192446,0.252078,0.222995
2022-03-07,0.237004,0.212904,0.263392,0.201525
2022-03-08,0.216456,0.209335,0.299937,0.203108
2022-03-09,0.237485,0.217163,0.296307,0.184133
2022-03-10,0.215513,0.210202,0.269642,0.183696
2022-03-11,0.210603,0.21434,0.262089,0.187333
2022-03-14,0.197104,0.214084,0.269129,0.185992
2022-03-15,0.214474,0.216486,0.28027,0.174762
2022-03-16,0.229949,0.21793,0.259279,0.162708
2022-03-17,0.216398,0.212593,0.224031,0.157465
2022-03-18,0.205146,0.208046,0.209409,0.162044
2022-03-21,0.186227,0.198719,0.196685,0.162082
2022-03-22,0.180809,0.195854,0.197227,0.165128
2022-03-23,0.183917,0.20046,0.18587,0.187114
2022-03-24,0.186977,0.200484,0.196433,0.181443
2022-04-08,0.146741,0.157435,0.181648,0.310217
2022-04-11,0.169631,0.178698,0.178511,0.310694
2022-04-12,0.159483,0.168029,0.20543,0.320805
2022-04-13,0.159614,0.159916,0.205914,0.318756
2022-04-14,0.166184,0.170333,0.182788,0.323216
2022-04-18,0.154454,0.15839,0.194642,0.352917
2022-04-19,0.16991,0.155763,0.195752,0.349047
2022-04-20,0.15715,0.151434,0.1778,0.349031
2022-04-21,0.171482,0.171516,0.177396,0.350936
2022-04-22,0.233376,0.236034,0.198727,0.337877
2022-04-25,0.212489,0.203367,0.245626,0.338632
2022-04-26,0.260425,0.266694,0.236751,0.331334
2022-04-27,0.232107,0.224664,0.283589,0.34151
2022-04-28,0.256267,0.206446,0.269055,0.3308
2022-04-29,0.329931,0.297095,0.247347,0.305496
2022-05-06,0.276215,0.246441,0.271923,0.276622
2022-05-09,0.30878,0.310356,0.265522,0.26678
2022-05-10,0.274458,0.261126,0.305032,0.285707
2022-05-12,0.266673,0.265379,0.293402,0.310044
2022-05-13,0.270998,0.244266,0.289616,0.299606
2022-05-16,0.244562,0.216788,0.266112,0.303343
2022-05-17,0.24602,0.207485,0.259019,0.316562
2022-05-18,0.329568,0.290293,0.243168,0.296975
2022-05-19,0.294714,0.265183,0.278825,0.296176
2022-05-20,0.261611,0.228292,0.266911,0.298071
2022-05-23,0.256922,0.216583,0.269341,0.306348
2022-05-24,0.233217,0.210142,0.264802,0.313362
2022-05-25,0.214496,0.199839,0.275544,0.311914
2022-05-26,0.228097,0.199825,0.264825,0.30506
2022-05-27,0.251111,0.203337,0.250097,0.295496
2022-06-03,0.210791,0.216812,0.221183,0.28549
2022-06-06,0.193074,0.197928,0.227922,0.288021
2022-06-07,0.183688,0.187904,0.226472,0.287925
2022-06-08,0.18102,0.194225,0.219045,0.286028
2022-06-09,0.219568,0.233566,0.221022,0.273563
2022-06-10,0.264469,0.295556,0.24162,0.2622
2022-06-13,0.332767,0.406323,0.261519,0.226741
2022-06-14,0.295964,0.362464,0.308743,0.244787
2022-06-15,0.273141,0.306697,0.289283,0.240899
2022-06-16,0.315205,0.373559,0.270404,0.215128
2022-06-21,0.322329,0.347039,0.291048,0.198042
2022-06-22,0.285534,0.283591,0.26877,0.198021
2022-06-23,0.259519,0.241441,0.262394,0.19934
2022-07-08,0.164448,0.191037,0.236122,0.19234
2022-07-11,0.168665,0.198941,0.227182,0.188756
2022-07-12,0.167139,0.203522,0.240808,0.199625
2022-07-13,0.15905,0.200891,0.245915,0.198941
2022-07-14,0.150508,0.196361,0.242244,0.20727
2022-07-15,0.177408,0.201079,0.241903,0.196802
2022-07-18,0.173082,0.203423,0.220951,0.194587
2022-07-19,0.222782,0.215397,0.231409,0.172768
2022-07-20,0.203182,0.205812,0.223446,0.171482
2022-07-21,0.191954,0.19795,0.218079,0.174163
2022-07-22,0.185008,0.197623,0.204779,0.186561
2022-07-25,0.168882,0.18611,0.204107,0.186769
2022-07-26,0.173505,0.191066,0.205658,0.182584
2022-07-27,0.222966,0.198348,0.223713,0.166619
2022-07-28,0.212398,0.19269,0.199033,0.200214
2022-07-29,0.209267,0.188753,0.190188,0.195433
2022-08-05,0.157818,0.165738,0.194694,0.196714
2022-08-08,0.148903,0.161232,0.187722,0.206001
2022-08-09,0.143949,0.159634,0.192256,0.206717
2022-08-10,0.179065,0.165689,0.197172,0.200742
2022-08-11,0.165643,0.160897,0.178392,0.204052
2022-08-12,0.180735,0.164049,0.17925,0.248458
2022-08-15,0.167391,0.159298,0.172069,0.248401
2022-08-16,0.15517,0.154765,0.175116,0.251531
2022-08-17,0.153296,0.156514,0.172751,0.251454
2022-08-18,0.143553,0.152121,0.179183,0.252428
2022-08-19,0.15934,0.160437,0.171433,0.251319
2022-08-22,0.201599,0.184112,0.177693,0.247711
2022-08-23,0.183365,0.18018,0.208067,0.249369
2022-08-24,0.167558,0.171602,0.206357,0.255602
2022-08-25,0.175595,0.16818,0.196471,0.253496
2022-08-26,0.27536,0.217037,0.184929,0.224118
2022-09-09,0.182376,0.180014,0.214301,0.282954
2022-09-12,0.177769,0.17682,0.207291,0.281461
2022-09-13,0.306935,0.232396,0.214397,0.236171
2022-09-14,0.272561,0.222706,0.239791,0.251907
2022-09-15,0.254585,0.227209,0.235652,0.261215
2022-09-16,0.233517,0.223885,0.239111,0.274634
2022-09-19,0.214482,0.215951,0.241082,0.276601
2022-09-20,0.20718,0.219946,0.241252,0.274892
2022-09-21,0.217485,0.234313,0.253597,0.269832
2022-09-22,0.205041,0.23284,0.264749,0.280605
2022-09-23,0.213881,0.245223,0.255097,0.277806
2022-09-26,0.206557,0.24744,0.273488,0.281028
2022-09-27,0.18726,0.229916,0.296347,0.28223
2022-09-28,0.204329,0.226487,0.300618,0.27536
2022-09-29,0.229232,0.247105,0.277511,0.27883
2022-09-30,0.227341,0.256309,0.291111,0.275533
2022-10-07,0.264337,0.262393,0.268554,0.244107
2022-10-10,0.243911,0.256478,0.276205,0.243347
2022-10-11,0.224297,0.248722,0.291147,0.252914
2022-10-12,0.204463,0.232604,0.297996,0.312807
2022-10-13,0.236353,0.237937,0.300658,0.301855
2022-10-14,0.255846,0.261644,0.288471,0.292668
2022-10-17,0.27431,0.267223,0.288528,0.280692
2022-10-18,0.254243,0.257377,0.285926,0.279242
2022-10-19,0.231918,0.249167,0.280552,0.278426
2022-10-20,0.21716,0.245262,0.285624,0.277263
2022-10-21,0.242376,0.248551,0.281569,0.26504
2022-10-24,0.229183,0.240775,0.28066,0.265936
2022-10-25,0.227218,0.236435,0.287436,0.260731
2022-10-26,0.211536,0.233517,0.273197,0.259333
2022-10-27,0.195499,0.226897,0.269498,0.264002
2022-10-28,0.232318,0.234208,0.269817,0.250393
2022-11-04,0.211383,0.228808,0.250511,0.260872
2022-11-07,0.200334,0.220626,0.24442,0.258773
2022-11-08,0.185674,0.209243,0.243492,0.259455
2022-11-09,0.213021,0.22905,0.249916,0.250478
2022-11-10,0.364157,0.2655,0.254726,0.176398
2022-11-11,0.327543,0.255351,0.232607,0.175075
2022-11-14,0.298906,0.255632,0.219495,0.173668
2022-11-15,0.271251,0.244478,0.225736,0.191438
2022-11-16,0.248249,0.240916,0.223919,0.202078
2022-11-17,0.224303,0.228411,0.223956,0.20188
2022-11-18,0.204128,0.216341,0.22331,0.207429
2022-11-21,0.188245,0.208893,0.216672,0.21276
2022-11-22,0.188941,0.205188,0.213338,0.20851
2022-11-23,0.175213,0.196729,0.202177,0.207924
2022-11-25,0.160249,0.186357,0.192562,0.212106
2022-12-09,0.1765,0.197477,0.21109,0.193656
2022-12-12,0.181785,0.192091,0.216674,0.187519
2022-12-13,0.172641,0.18242,0.224056,0.193454
2022-12-14,0.165925,0.177957,0.202009,0.194089
2022-12-15,0.218065,0.205307,0.18991,0.185325
2022-12-19,0.237633,0.229296,0.201812,0.176088
2022-12-20,0.214555,0.213629,0.205152,0.176064
2022-12-21,0.212075,0.207065,0.200356,0.168679
2022-12-22,0.214224,0.216657,0.188641,0.165582
2022-12-23,0.19655,0.203668,0.204822,0.164653
2022-12-27,0.181668,0.194577,0.196596,0.169974
2022-12-28,0.185463,0.199607,0.207158,0.172279
2022-12-29,0.199234,0.198379,0.214582,0.165638
2022-12-30,0.181593,0.188058,0.204614,0.172953
2023-01-06,0.204573,0.185402,0.214423,0.160773
2023-01-09,0.188139,0.17559,0.202417,0.165193
2023-01-10,0.177481,0.169822,0.209271,0.16629
2023-01-11,0.178761,0.168425,0.199465,0.160667
2023-01-12,0.166417,0.162667,0.201282,0.165081
2023-01-13,0.156381,0.158136,0.178487,0.164514
2023-01-17,0.146736,0.153737,0.168176,0.164667
2023-01-18,0.17097,0.168914,0.17663,0.162875
2023-01-19,0.166366,0.16964,0.185829,0.161037
2023-01-20,0.189196,0.171562,0.189787,0.163566
2023-01-23,0.186442,0.167842,0.18274,0.158401
2023-01-24,0.17059,0.159812,0.182235,0.159354
2023-01-25,0.156971,0.152242,0.180375,0.163415
2023-01-26,0.15886,0.150152,0.18197,0.159346
2023-01-27,0.146834,0.144711,0.177802,0.159544
2023-02-03,0.179482,0.167598,0.163699,0.150506
2023-02-06,0.171604,0.166397,0.166708,0.149092
2023-02-07,0.174669,0.164129,0.175826,0.156268
2023-02-08,0.176686,0.169751,0.168669,0.159926
2023-02-09,0.173783,0.171605,0.179776,0.157017
2023-02-10,0.161602,0.162738,0.190364,0.167316
2023-02-13,0.163844,0.159402,0.190837,0.164449
2023-02-14,0.152664,0.152872,0.185287,0.174859
2023-02-15,0.144111,0.148697,0.168887,0.178753
2023-02-16,0.163129,0.159872,0.163225,0.174883
2023-02-17,0.153068,0.154503,0.176953,0.180386
2023-02-21,0.194302,0.175072,0.174593,0.176318
2023-02-22,0.177593,0.164311,0.204133,0.176548
2023-02-23,0.164855,0.156941,0.198357,0.176873
2023-02-24,0.168008,0.160934,0.186101,0.173243
2023-03-10,0.196516,0.183286,0.200844,0.149
2023-03-13,0.181809,0.17339,0.212733,0.149565
2023-03-14,0.192771,0.17313,0.231032,0.144976
2023-03-15,0.183666,0.172311,0.203703,0.143
2023-03-16,0.195293,0.172653,0.21771,0.130595
2023-03-17,0.192908,0.178056,0.194385,0.124829
2023-03-20,0.183894,0.171383,0.220185,0.120988
2023-03-21,0.184964,0.168885,0.20935,0.114119
2023-03-22,0.201547,0.18554,0.189217,0.0977487
2023-03-23,0.184602,0.173561,0.195721,0.0972403
2023-03-24,0.172466,0.165924,0.199414,0.109709
2023-03-27,0.158929,0.15737,0.19297,0.110284
2023-03-28,0.148597,0.152484,0.184637,0.128638
2023-03-29,0.162231,0.152753,0.178376,0.122376
2023-03-30,0.152806,0.148843,0.167846,0.120843
2023-03-31,0.166258,0.150372,0.163055,0.116989
2023-04-10,0.136166,0.147031,0.163217,0.134948
2023-04-11,0.130984,0.14412,0.165196,0.135797
2023-04-12,0.130489,0.14458,0.166412,0.135203
2023-04-13,0.145258,0.145835,0.165975,0.127553
2023-04-14,0.139018,0.143851,0.153282,0.127828
2023-04-17,0.132695,0.140206,0.146696,0.129315
2023-04-18,0.126864,0.13705,0.143609,0.135484
2023-04-19,0.122954,0.135399,0.140101,0.139384
2023-04-20,0.12579,0.136811,0.13827,0.1379
2023-04-21,0.120681,0.134219,0.14571,0.137864
2023-04-24,0.115043,0.131385,0.140602,0.143227
2023-04-25,0.152962,0.141444,0.141303,0.13481
2023-04-26,0.145087,0.139656,0.17008,0.137613
2023-04-27,0.17874,0.142435,0.166271,0.128383
2023-04-28,0.170588,0.139892,0.142194,0.125037
2023-05-05,0.179911,0.158293,0.177413,0.113932
2023-05-08,0.167354,0.152145,0.151017,0.114577
2023-05-09,0.159572,0.150354,0.149209,0.115496
2023-05-10,0.151809,0.147816,0.156164,0.114565
2023-05-11,0.144282,0.145021,0.146572,0.118892
2023-05-12,0.137909,0.142494,0.144095,0.121056
2023-05-15,0.131729,0.139092,0.142404,0.120567
2023-05-16,0.133774,0.140198,0.140878,0.125516
2023-05-17,0.144121,0.14139,0.148895,0.119413
2023-05-18,0.145774,0.141049,0.137377,0.116107
2023-05-19,0.137805,0.138827,0.129331,0.117499
2023-05-22,0.12951,0.135389,0.133811,0.118206
2023-05-23,0.144627,0.141545,0.13891,0.114706
2023-05-24,0.144837,0.142978,0.153012,0.112808
2023-05-25,0.144351,0.1408,0.168885,0.115296
2023-05-26,0.15466,0.139803,0.157015,0.106416
2023-06-09,0.135342,0.143509,0.109604,0.104398
2023-06-12,0.138825,0.143107,0.110116,0.103194
2023-06-13,0.137518,0.142385,0.11638,0.100515
2023-06-14,0.132587,0.140954,0.113756,0.101237
2023-06-15,0.143504,0.142159,0.112004,0.0955586
2023-06-16,0.138781,0.141233,0.115154,0.0950936
2023-06-20,0.135312,0.138692,0.112283,0.0961174
2023-06-21,0.134805,0.13984,0.115542,0.0942857
2023-06-22,0.129584,0.13768,0.110587,0.0945205
2023-06-23,0.134006,0.139801,0.10517,0.0912315
2023-06-26,0.130267,0.138279,0.106818,0.0899594
2023-06-27,0.139938,0.138462,0.109021,0.0843355
2023-06-28,0.131631,0.134908,0.10386,0.0907565
2023-06-29,0.126407,0.132481,0.10396,0.0896362
2023-06-30,0.13911,0.132192,0.10168,0.0799699
2023-07-07,0.137621,0.143483,0.123786,0.0956098
2023-07-10,0.13223,0.140757,0.121377,0.0963535
2023-07-11,0.131877,0.139462,0.122652,0.096709
2023-07-12,0.133914,0.13943,0.120035,0.0930165
2023-07-13,0.135644,0.138527,0.10956,0.0887506
2023-07-14,0.130378,0.136492,0.108976,0.0910081
2023-07-17,0.125732,0.133606,0.107782,0.098732
2023-07-18,0.127075,0.132187,0.110637,0.0991776
2023-07-19,0.123283,0.131463,0.109581,0.10254
2023-07-20,0.1266,0.133016,0.11238,0.100129
2023-07-21,0.121508,0.13147,0.113029,0.102839
2023-07-24,0.117663,0.129487,0.109234,0.102278
2023-07-25,0.114986,0.128825,0.110797,0.108789
2023-07-26,0.111114,0.127327,0.11198,0.118793
2023-07-27,0.117031,0.128365,0.104327,0.118964
2023-07-28,0.125126,0.127994,0.113106,0.116227
2023-08-04,0.143526,0.145325,0.132048,0.116584
2023-08-07,0.144057,0.143252,0.135757,0.114952
2023-08-08,0.140372,0.142006,0.126481,0.114514
2023-08-09,0.141854,0.143403,0.130179,0.112062
2023-08-10,0.135338,0.140347,0.134568,0.114425
2023-08-11,0.130294,0.137873,0.132648,0.116076
2023-08-14,0.128006,0.134758,0.127423,0.114378
2023-08-15,0.143517,0.138607,0.123956,0.110902
2023-08-16,0.145252,0.140849,0.137062,0.115829
2023-08-17,0.146398,0.14218,0.142841,0.112648
2023-08-18,0.137697,0.138115,0.151697,0.11289
2023-08-21,0.134398,0.135032,0.146518,0.115272
2023-08-22,0.129678,0.13397,0.13978,0.128338
2023-08-23,0.1382,0.133598,0.141391,0.122695
2023-08-24,0.158447,0.139881,0.13084,0.113819
2023-08-25,0.151226,0.137142,0.140917,0.122774
2023-09-08,0.132874,0.143256,0.123554,0.128779
2023-09-11,0.132123,0.1414,0.118769,0.128085
2023-09-12,0.132959,0.141739,0.115994,0.127336
2023-09-13,0.128869,0.140517,0.120074,0.129092
2023-09-14,0.132,0.139551,0.113152,0.127073
2023-09-15,0.147925,0.144272,0.104761,0.124865
2023-09-18,0.139355,0.139796,0.114301,0.124837
2023-09-19,0.133494,0.137243,0.117519,0.133245
2023-09-20,0.141896,0.140977,0.119267,0.132334
2023-09-21,0.169212,0.152036,0.127999,0.127268
2023-09-22,0.157722,0.147434,0.147667,0.127206
2023-09-25,0.147676,0.141804,0.146701,0.129002
2023-09-26,0.16853,0.150143,0.146267,0.128344
2023-09-27,0.155649,0.14407,0.164674,0.134905
2023-09-28,0.147593,0.13959,0.16117,0.134353
2023-09-29,0.139364,0.136257,0.152222,0.139916
2023-10-06,0.152772,0.144837,0.160501,0.148483
2023-10-09,0.147777,0.142454,0.153838,0.147171
2023-10-10,0.142889,0.140654,0.153831,0.145988
2023-10-11,0.138104,0.139655,0.146751,0.148007
2023-10-12,0.138235,0.141151,0.139523,0.155921
2023-10-13,0.13651,0.141433,0.142227,0.154922
2023-10-16,0.141102,0.138488,0.158263,0.164689
2023-10-17,0.133845,0.136251,0.144478,0.164776
2023-10-18,0.153752,0.143773,0.147789,0.157928
2023-10-19,0.154085,0.146053,0.164993,0.155259
2023-10-20,0.165389,0.152131,0.176543,0.151137
2023-10-23,0.153818,0.146994,0.181654,0.15123
2023-10-24,0.149,0.143159,0.18062,0.149729
2023-10-25,0.167513,0.150611,0.168623,0.141127
2023-10-26,0.173523,0.155816,0.183245,0.135025
2023-10-27,0.162771,0.152854,0.190354,0.134166
2023-11-03,0.174619,0.15023,0.138004,0.100909
2023-11-06,0.163225,0.146676,0.13097,0.101604
2023-11-07,0.153674,0.14412,0.13022,0.104634
2023-11-08,0.14556,0.142509,0.129059,0.105561
2023-11-09,0.147432,0.145179,0.125376,0.102657
2023-11-10,0.163072,0.144709,0.134265,0.0889192
2023-11-13,0.152617,0.141985,0.121764,0.100316
2023-11-14,0.179191,0.142609,0.126643,0.075906
2023-11-15,0.165758,0.141362,0.117144,0.0757778
2023-11-16,0.154257,0.139227,0.116233,0.0779355
2023-11-17,0.144362,0.137271,0.112642,0.0804778
2023-11-20,0.141407,0.134779,0.110943,0.0918129
2023-11-21,0.134737,0.135039,0.10914,0.0982701
2023-11-22,0.128717,0.132987,0.10965,0.0974976
2023-11-24,0.121011,0.129759,0.104078,0.0985293
2023-12-08,0.128428,0.138755,0.114662,
2023-12-11,0.125567,0.136974,0.109238,
2023-12-12,0.124091,0.135707,0.108603,
2023-12-13,0.141082,0.136378,0.10154,
2023-12-14,0.135157,0.135025,0.100019,
2023-12-15,0.129999,0.133727,0.0990381,
2023-12-18,0.127145,0.131049,0.102653,
2023-12-19,0.125955,0.129606,0.103347,
2023-12-20,0.152764,0.137517,0.104265,
2023-12-21,0.153975,0.135378,0.113231,
2023-12-22,0.144139,0.133374,0.111511,
2023-12-26,0.136468,0.130598,0.108744,
2023-12-27,0.128752,0.128843,0.106242,
2023-12-28,0.122013,0.127065,0.100284,
2023-12-29,0.117825,0.126059,0.10052,
