engine,treatment,n,rmse,mae,mape,r2,bias
pinn_p,garch,1993333,0.332407,0.264215,1.52689,0.999998,0.0963532
pinn_p,lstm,1993333,0.328601,0.26209,1.55189,0.999998,0.0989132
pinn_p,iv_atm,1993333,0.322333,0.24978,1.22628,0.999998,0.0861256
pinn_p,iv_surface,1993333,0.31041,0.233602,1.31433,0.999998,0.125768
pinn_p,hv21,1993333,0.369789,0.291343,1.70346,0.999997,0.0805397
pinn_p,har,1993333,0.322247,0.257519,1.47725,0.999998,0.0977663
pinn_p,iv_atm_same_day,1993333,0.323057,0.250112,1.23514,0.999998,0.0861922
pinn_p,iv_contract_same_day,1993333,0.312801,0.233642,1.32015,0.999998,0.133712
cn,garch,2000,0.00661414,0.00485975,0.0306766,1,6.81399e-05
cn,lstm,2000,0.00619145,0.00457286,0.0309614,1,0.00022292
cn,iv_atm,2000,0.00722333,0.00530882,0.0267733,1,-0.000187841
cn,iv_surface,2000,0.00812944,0.00612527,0.0248009,1,0.000128823
cn,hv21,2000,0.00774576,0.00537868,0.0316054,1,-7.33867e-06
cn,har,2000,0.0063657,0.00471975,0.0315443,1,0.000265477
cn,iv_atm_same_day,2000,0.00726483,0.005359,0.025272,1,-0.000208167
cn,iv_contract_same_day,2000,0.00815812,0.00610431,0.0246614,1,0.000227866
ffnn,garch,1993333,46.7802,34.3927,200.855,0.951675,29.0121
ffnn,lstm,1993333,51.7284,38.424,238.912,0.941004,34.7738
ffnn,iv_atm,1993333,29.6265,22.3815,121.512,0.98072,11.1473
ffnn,iv_surface,1993333,19.0949,11.4609,47.6305,0.992253,3.1746
pinn_h0.1,garch,1993333,2.49644,2.07637,11.0478,0.999862,1.91276
pinn_h0.1,lstm,1993333,2.68725,2.26089,12.0771,0.999841,2.11447
pinn_h0.1,iv_atm,1993333,1.21169,0.956023,4.67902,0.999968,0.783852
pinn_h0.1,iv_surface,1993333,0.887033,0.698058,3.8186,0.999983,0.130035
