engine,treatment,seed,n,rmse,mae,mape,r2,bias
pinn_h0.1,garch,0,1993333,32.1302,23.7256,36.0637,0.978024,-17.762
pinn_h0.1,garch,1,1993333,32.4432,24.095,38.8095,0.977594,-17.762
pinn_h0.1,garch,2,1993333,32.2086,23.797,36.3917,0.977917,-17.7791
pinn_h0.1,garch,3,1993333,32.4121,24.0119,37.6216,0.977637,-17.9037
pinn_h0.1,garch,4,1993333,32.6655,24.4487,44.6696,0.977285,-17.8076
pinn_h0.1,lstm,0,1993333,34.845,25.1023,36.7994,0.974153,-19.0795
pinn_h0.1,lstm,1,1993333,35.1457,25.4926,39.5761,0.973705,-19.0908
pinn_h0.1,lstm,2,1993333,34.9148,25.1723,37.1161,0.97405,-19.0948
pinn_h0.1,lstm,3,1993333,35.1082,25.3925,38.323,0.973761,-19.2213
pinn_h0.1,lstm,4,1993333,35.4213,26.0132,46.6273,0.973291,-19.1459
pinn_h0.1,iv_atm,0,1993333,22.746,18.2851,36.5763,0.988986,-6.51899
pinn_h0.1,iv_atm,1,1993333,23.1469,18.6848,39.1144,0.988595,-6.60096
pinn_h0.1,iv_atm,2,1993333,22.8795,18.4025,37.1216,0.988857,-6.55903
pinn_h0.1,iv_atm,3,1993333,23.1322,18.6309,38.5793,0.988609,-6.68101
pinn_h0.1,iv_atm,4,1993333,22.9807,18.4944,38.7356,0.988758,-6.58857
pinn_h0.1,iv_surface,0,1993333,7.30855,4.66615,10.0589,0.998863,0.507865
pinn_h0.1,iv_surface,1,1993333,7.87044,5.27443,13.6787,0.998681,1.05563
pinn_h0.1,iv_surface,2,1993333,7.30685,4.65208,10.0308,0.998863,0.423729
pinn_h0.1,iv_surface,3,1993333,7.31295,4.64673,10.3932,0.998862,0.285248
pinn_h0.1,iv_surface,4,1993333,7.28991,4.6565,9.51643,0.998869,0.649597
